group,category,split,prompt_count,mean_token_count,min_token_count,max_token_count,legacy_core_count
ipip_stems,A1,test,1,9.0,9,9,1
ipip_stems,A1,train,2,5.0,4,6,2
ipip_stems,A1,validation,1,6.0,6,6,1
ipip_stems,A2,test,1,8.0,8,8,1
ipip_stems,A2,train,2,6.5,6,7,2
ipip_stems,A2,validation,1,7.0,7,7,1
ipip_stems,A3,test,1,6.0,6,6,1
ipip_stems,A3,train,2,7.5,6,9,2
ipip_stems,A3,validation,1,7.0,7,7,1
ipip_stems,A4,test,1,6.0,6,6,1
ipip_stems,A4,train,2,5.5,5,6,2
ipip_stems,A4,validation,1,6.0,6,6,1
ipip_stems,A5,test,1,6.0,6,6,1
ipip_stems,A5,train,2,7.5,7,8,2
ipip_stems,A5,validation,1,10.0,10,10,1
ipip_stems,A6,test,1,9.0,9,9,1
ipip_stems,A6,train,2,11.0,10,12,2
ipip_stems,A6,validation,1,9.0,9,9,1
ipip_stems,C1,test,1,5.0,5,5,1
ipip_stems,C1,train,2,6.5,5,8,2
ipip_stems,C1,validation,1,7.0,7,7,1
ipip_stems,C2,test,1,8.0,8,8,1
ipip_stems,C2,train,2,9.0,6,12,2
ipip_stems,C2,validation,1,6.0,6,6,1
ipip_stems,C3,test,1,5.0,5,5,1
ipip_stems,C3,train,2,5.0,5,5,2
ipip_stems,C3,validation,1,4.0,4,4,1
ipip_stems,C4,test,1,4.0,4,4,1
ipip_stems,C4,train,2,10.0,10,10,2
ipip_stems,C4,validation,1,9.0,9,9,1
ipip_stems,C5,test,1,7.0,7,7,1
ipip_stems,C5,train,2,5.5,5,6,2
ipip_stems,C5,validation,1,6.0,6,6,1
ipip_stems,C6,test,1,6.0,6,6,1
ipip_stems,C6,train,2,6.0,5,7,2
ipip_stems,C6,validation,1,5.0,5,5,1
ipip_stems,E1,test,1,7.0,7,7,1
ipip_stems,E1,train,2,6.0,6,6,2
ipip_stems,E1,validation,1,5.0,5,5,1
ipip_stems,E2,test,1,7.0,7,7,1
ipip_stems,E2,train,2,4.5,4,5,2
ipip_stems,E2,validation,1,11.0,11,11,1
ipip_stems,E3,test,1,9.0,9,9,1
ipip_stems,E3,train,2,6.0,6,6,2
ipip_stems,E3,validation,1,4.0,4,4,1
ipip_stems,E4,test,1,7.0,7,7,1
ipip_stems,E4,train,2,6.0,5,7,2
ipip_stems,E4,validation,1,9.0,9,9,1
ipip_stems,E5,test,1,4.0,4,4,1
ipip_stems,E5,train,2,5.5,5,6,2
ipip_stems,E5,validation,1,4.0,4,4,1
ipip_stems,E6,test,1,9.0,9,9,1
ipip_stems,E6,train,2,4.5,4,5,2
ipip_stems,E6,validation,1,7.0,7,7,1
ipip_stems,N1,test,1,7.0,7,7,1
ipip_stems,N1,train,2,6.0,6,6,2
ipip_stems,N1,validation,1,6.0,6,6,1
ipip_stems,N2,test,1,6.0,6,6,1
ipip_stems,N2,train,2,5.5,5,6,2
ipip_stems,N2,validation,1,5.0,5,5,1
ipip_stems,N3,test,1,6.0,6,6,1
ipip_stems,N3,train,2,6.5,5,8,2
ipip_stems,N3,validation,1,5.0,5,5,1
ipip_stems,N4,test,1,9.0,9,9,1
ipip_stems,N4,train,2,8.5,8,9,2
ipip_stems,N4,validation,1,7.0,7,7,1
ipip_stems,N5,test,1,8.0,8,8,1
ipip_stems,N5,train,2,7.5,7,8,2
ipip_stems,N5,validation,1,6.0,6,6,1
ipip_stems,N6,test,1,7.0,7,7,1
ipip_stems,N6,train,2,5.5,5,6,2
ipip_stems,N6,validation,1,11.0,11,11,1
ipip_stems,O1,test,1,8.0,8,8,1
ipip_stems,O1,train,2,6.5,6,7,2
ipip_stems,O1,validation,1,6.0,6,6,1
ipip_stems,O2,test,1,6.0,6,6,1
ipip_stems,O2,train,2,10.0,9,11,2
ipip_stems,O2,validation,1,9.0,9,9,1
ipip_stems,O3,test,1,6.0,6,6,1
ipip_stems,O3,train,2,7.5,6,9,2
ipip_stems,O3,validation,1,8.0,8,8,1
ipip_stems,O4,test,1,7.0,7,7,1
ipip_stems,O4,train,2,9.0,7,11,2
ipip_stems,O4,validation,1,5.0,5,5,1
ipip_stems,O5,test,1,8.0,8,8,1
ipip_stems,O5,train,2,7.0,7,7,2
ipip_stems,O5,validation,1,5.0,5,5,1
ipip_stems,O6,test,1,10.0,10,10,1
ipip_stems,O6,train,2,11.5,11,12,2
ipip_stems,O6,validation,1,10.0,10,10,1
naturalistic_behavioral,conflict,test,12,18.0,15,19,3
naturalistic_behavioral,conflict,train,36,17.63888888888889,15,19,4
naturalistic_behavioral,conflict,validation,12,18.083333333333332,15,19,5
naturalistic_behavioral,cooperation,test,12,19.166666666666668,17,22,2
naturalistic_behavioral,cooperation,train,36,19.63888888888889,17,22,9
naturalistic_behavioral,cooperation,validation,12,18.916666666666668,17,22,1
naturalistic_behavioral,deadlines,test,12,18.916666666666668,17,20,3
naturalistic_behavioral,deadlines,train,36,18.444444444444443,17,20,6
naturalistic_behavioral,deadlines,validation,12,18.75,17,20,3
naturalistic_behavioral,disagreement,test,12,18.166666666666668,17,20,3
naturalistic_behavioral,disagreement,train,36,18.27777777777778,17,20,8
naturalistic_behavioral,disagreement,validation,12,18.0,17,20,1
naturalistic_behavioral,emotional_response,test,12,18.5,16,19,2
naturalistic_behavioral,emotional_response,train,36,17.666666666666668,16,19,5
naturalistic_behavioral,emotional_response,validation,12,17.5,16,19,5
naturalistic_behavioral,novelty,test,12,20.0,18,21,3
naturalistic_behavioral,novelty,train,36,20.0,18,21,7
naturalistic_behavioral,novelty,validation,12,20.0,18,21,2
naturalistic_behavioral,personal_reflection,test,12,19.25,17,21,0
naturalistic_behavioral,personal_reflection,train,36,19.166666666666668,17,21,0
naturalistic_behavioral,personal_reflection,validation,12,19.25,17,21,0
naturalistic_behavioral,planning,test,12,19.583333333333332,17,22,2
naturalistic_behavioral,planning,train,36,19.694444444444443,17,22,7
naturalistic_behavioral,planning,validation,12,19.333333333333332,17,22,3
naturalistic_behavioral,risk,test,12,19.916666666666668,18,21,0
naturalistic_behavioral,risk,train,36,20.055555555555557,18,21,0
naturalistic_behavioral,risk,validation,12,19.916666666666668,18,21,0
naturalistic_behavioral,routine,test,12,18.416666666666668,17,21,2
naturalistic_behavioral,routine,train,36,18.833333333333332,17,21,6
naturalistic_behavioral,routine,validation,12,20.083333333333332,17,21,4
naturalistic_behavioral,social_interaction,test,12,17.5,17,19,2
naturalistic_behavioral,social_interaction,train,36,18.11111111111111,17,20,6
naturalistic_behavioral,social_interaction,validation,12,18.166666666666668,17,20,4
naturalistic_behavioral,uncertainty,test,12,18.333333333333332,16,21,4
naturalistic_behavioral,uncertainty,train,36,17.86111111111111,16,21,7
naturalistic_behavioral,uncertainty,validation,12,18.083333333333332,16,21,1
neutral_controls,catalog,test,3,9.0,9,9,3
neutral_controls,catalog,train,7,9.142857142857142,9,10,7
neutral_controls,catalog,validation,2,9.0,9,9,2
neutral_controls,diagram,test,3,8.0,8,8,3
neutral_controls,diagram,train,7,8.142857142857142,8,9,7
neutral_controls,diagram,validation,2,8.0,8,8,2
neutral_controls,inspection,test,3,10.0,10,10,3
neutral_controls,inspection,train,7,10.142857142857142,10,11,7
neutral_controls,inspection,validation,2,10.0,10,10,2
neutral_controls,inventory,test,3,8.0,8,8,3
neutral_controls,inventory,train,7,8.142857142857142,8,9,7
neutral_controls,inventory,validation,2,8.0,8,8,2
neutral_controls,mass,test,3,8.0,8,8,3
neutral_controls,mass,train,7,8.142857142857142,8,9,7
neutral_controls,mass,validation,2,8.0,8,8,2
neutral_controls,measurement,test,3,8.333333333333334,8,9,3
neutral_controls,measurement,train,7,8.0,8,8,7
neutral_controls,measurement,validation,2,8.0,8,8,2
neutral_controls,neutral_01,test,3,18.333333333333332,18,19,0
neutral_controls,neutral_01,train,7,18.142857142857142,18,19,0
neutral_controls,neutral_01,validation,2,18.5,18,19,0
neutral_controls,neutral_02,test,3,17.0,17,17,0
neutral_controls,neutral_02,train,7,17.428571428571427,17,18,0
neutral_controls,neutral_02,validation,2,17.0,17,17,0
neutral_controls,neutral_03,test,3,16.666666666666668,16,17,0
neutral_controls,neutral_03,train,7,16.142857142857142,16,17,0
neutral_controls,neutral_03,validation,2,16.0,16,16,0
neutral_controls,neutral_04,test,3,19.333333333333332,19,20,0
neutral_controls,neutral_04,train,7,19.142857142857142,19,20,0
neutral_controls,neutral_04,validation,2,19.5,19,20,0
neutral_controls,neutral_05,test,3,19.333333333333332,19,20,0
neutral_controls,neutral_05,train,7,19.285714285714285,19,20,0
neutral_controls,neutral_05,validation,2,19.0,19,19,0
neutral_controls,neutral_06,test,3,16.333333333333332,16,17,0
neutral_controls,neutral_06,train,7,16.285714285714285,16,17,0
neutral_controls,neutral_06,validation,2,16.0,16,16,0
neutral_controls,neutral_07,test,3,17.333333333333332,17,18,0
neutral_controls,neutral_07,train,7,17.142857142857142,17,18,0
neutral_controls,neutral_07,validation,2,17.5,17,18,0
neutral_controls,neutral_08,test,3,16.0,16,16,0
neutral_controls,neutral_08,train,7,16.285714285714285,16,17,0
neutral_controls,neutral_08,validation,2,16.5,16,17,0
neutral_controls,neutral_09,test,3,17.333333333333332,17,18,0
neutral_controls,neutral_09,train,7,17.285714285714285,17,18,0
neutral_controls,neutral_09,validation,2,17.0,17,17,0
neutral_controls,neutral_10,test,3,16.333333333333332,16,17,0
neutral_controls,neutral_10,train,7,16.142857142857142,16,17,0
neutral_controls,neutral_10,validation,2,16.5,16,17,0
neutral_controls,photograph,test,3,8.0,8,8,3
neutral_controls,photograph,train,7,8.0,8,8,7
neutral_controls,photograph,validation,2,8.5,8,9,2
neutral_controls,position,test,3,9.333333333333334,9,10,3
neutral_controls,position,train,7,9.0,9,9,7
neutral_controls,position,validation,2,9.0,9,9,2
neutral_controls,surface,test,3,8.333333333333334,8,9,3
neutral_controls,surface,train,7,8.0,8,8,7
neutral_controls,surface,validation,2,8.0,8,8,2
neutral_controls,temperature,test,3,8.0,8,8,3
neutral_controls,temperature,train,7,8.142857142857142,8,9,7
neutral_controls,temperature,validation,2,8.0,8,8,2
