ptype,model_key,rank,ngram,coefficient
0,ptype_0,1,is,0.8133055751643484
0,ptype_0,2,is the,0.8089701923828913
0,ptype_0,3,points,0.7763445609563135
0,ptype_0,4,answer,0.7197998084957451
0,ptype_0,5,00pm,0.7153637686401845
0,ptype_0,6,minute,0.7059266280018901
0,ptype_0,7,what is,0.702207801739914
0,ptype_0,8,was not,0.648232997130441
0,ptype_0,9,correct,0.6441381269621667
0,ptype_0,10,correct answer,0.6441381269621667
0,ptype_0,11,action the,0.6366167605427347
0,ptype_0,12,is familiar,0.6225600025313102
0,ptype_0,13,point for,0.6026036568427418
0,ptype_0,14,left,0.5973178806743029
0,ptype_0,15,point,0.5954644467462586
0,ptype_0,16,the reply,0.524663789105998
0,ptype_0,17,effect of,0.522499535659838
0,ptype_0,18,after the,0.5208685899864626
0,ptype_0,19,it is,0.5003686051844032
0,ptype_0,20,you need,0.4909057707359237
1,ptype_1,1,minutes minutes,1.1321060670037408
1,ptype_1,2,minutes,0.9020377387914905
1,ptype_1,3,would,0.8182348814310094
1,ptype_1,4,or,0.716837050155632
1,ptype_1,5,second person,0.6490582693330821
1,ptype_1,6,first person,0.6323669779955626
1,ptype_1,7,the second,0.6278789711157732
1,ptype_1,8,00,0.613948314175815
1,ptype_1,9,second,0.5871256551042972
1,ptype_1,10,was,0.5778910476401774
1,ptype_1,11,not not,0.5761624891964059
1,ptype_1,12,the first,0.5760200110569931
1,ptype_1,13,would ask,0.574411167149377
1,ptype_1,14,patient,0.5659606615979151
1,ptype_1,15,first,0.562177299376531
1,ptype_1,16,to find,0.5499953007220768
1,ptype_1,17,or not,0.537321259040472
1,ptype_1,18,find way,0.5209279363698349
1,ptype_1,19,person is,0.5135924239543984
1,ptype_1,20,if supposed,0.5036071409863201
2,ptype_2,1,sorry but,0.901639409039028
2,ptype_2,2,but can,0.8163036227310974
2,ptype_2,3,after that,0.7691642725497736
2,ptype_2,4,that what,0.7444886340420804
2,ptype_2,5,the customer,0.7217383120644961
2,ptype_2,6,topic,0.7202716677782346
2,ptype_2,7,it ask,0.7043969722249326
2,ptype_2,8,customer,0.6706486209481703
2,ptype_2,9,step after,0.6587197600218704
2,ptype_2,10,about,0.6407398990012904
2,ptype_2,11,ll do,0.6172914288680639
2,ptype_2,12,reply you,0.616059968876656
2,ptype_2,13,do the,0.6109914807734933
2,ptype_2,14,can do,0.5712115438079127
2,ptype_2,15,but,0.5664522509277523
2,ptype_2,16,someone,0.5655579960445222
2,ptype_2,17,try it,0.5635520766037821
2,ptype_2,18,chat with,0.5599953640039017
2,ptype_2,19,group chat,0.5599953640039017
2,ptype_2,20,in group,0.5599953640039017
3,ptype_3,1,22,2.3070554538000394
3,ptype_3,2,21 22,2.3070554538000394
3,ptype_3,3,am,0.9752179918945257
3,ptype_3,4,step is,0.8095815278790076
3,ptype_3,5,do have,0.7878823439300604
3,ptype_3,6,next step,0.7823304317706986
3,ptype_3,7,list,0.7474395060163019
3,ptype_3,8,of,0.7116805859623945
3,ptype_3,9,list of,0.7082761123910529
3,ptype_3,10,step,0.6444723974419996
3,ptype_3,11,or less,0.6116467603540804
3,ptype_3,12,not going,0.6043387237046992
3,ptype_3,13,by,0.6031082261415357
3,ptype_3,14,why is,0.5865810963344509
3,ptype_3,15,have list,0.569708867241289
3,ptype_3,16,system,0.543469432642137
3,ptype_3,17,moves later,0.5396926599585811
3,ptype_3,18,will do,0.5280610900942354
3,ptype_3,19,was,0.5249262019459507
3,ptype_3,20,things,0.5246198888288374
4,ptype_4,1,seconds seconds,0.9234538298140362
4,ptype_4,2,seconds,0.8980206595952648
4,ptype_4,3,to interrupt,0.8499888910865301
4,ptype_4,4,interrupt,0.8499888910865301
4,ptype_4,5,didn mean,0.7941092414562801
4,ptype_4,6,mean to,0.7941092414562801
4,ptype_4,7,interrupt you,0.7859073289804106
4,ptype_4,8,mean,0.7557294324333005
4,ptype_4,9,points points,0.7288092178508939
4,ptype_4,10,parts,0.7287227501441947
4,ptype_4,11,didn,0.699178374433273
4,ptype_4,12,get the,0.6770309067523581
4,ptype_4,13,work into,0.6729963461542009
4,ptype_4,14,ll,0.6583672158758015
4,ptype_4,15,points,0.6458768478646231
4,ptype_4,16,into two,0.6058215725512848
4,ptype_4,17,sentences if,0.5838442994767652
4,ptype_4,18,draft,0.5624019195654469
4,ptype_4,19,is complete,0.5545119685663799
4,ptype_4,20,link to,0.5493389911647614
5,ptype_5,1,re,1.4994172931193583
5,ptype_5,2,you re,1.3957847471470837
5,ptype_5,3,ll do,1.2743667596967343
5,ptype_5,4,sentences,1.0388944747525333
5,ptype_5,5,ll,1.0059273511274602
5,ptype_5,6,sentences sentences,0.8060801062648695
5,ptype_5,7,re not,0.7361271046587319
5,ptype_5,8,longer response,0.7319733614793267
5,ptype_5,9,ask if,0.7254883508762094
5,ptype_5,10,done,0.7179521312004649
5,ptype_5,11,bad,0.713828228295079
5,ptype_5,12,longer,0.6846531204290908
5,ptype_5,13,do the,0.6758442633492147
5,ptype_5,14,write longer,0.6596840523779604
5,ptype_5,15,ask professional,0.6361803834805464
5,ptype_5,16,then write,0.6239183064125482
5,ptype_5,17,and,0.6188555768736954
5,ptype_5,18,don,0.6184972792788382
5,ptype_5,19,the longer,0.6096029017019148
5,ptype_5,20,sentences is,0.6080530048343985
6,ptype_6,1,we will,1.2676589812301808
6,ptype_6,2,if you,1.1764716584168577
6,ptype_6,3,you re,1.11958484259929
6,ptype_6,4,you,1.1100647473535212
6,ptype_6,5,re,1.0701165264009458
6,ptype_6,6,re not,1.0415013961189579
6,ptype_6,7,we,1.002011377687793
6,ptype_6,8,do together,0.9731967586206997
6,ptype_6,9,of,0.9719654860540446
6,ptype_6,10,if,0.9545360883358887
6,ptype_6,11,say,0.8683909396536217
6,ptype_6,12,it,0.860995286970374
6,ptype_6,13,together we,0.8514915269525933
6,ptype_6,14,not sure,0.8457067824359451
6,ptype_6,15,what are,0.8352874998816154
6,ptype_6,16,are the,0.8352834453739687
6,ptype_6,17,think,0.8272359403095293
6,ptype_6,18,will do,0.7811585017902034
6,ptype_6,19,you ll,0.7570007340538913
6,ptype_6,20,say so,0.7475178287742099
7,ptype_7,1,am sorry,1.8635802867571944
7,ptype_7,2,am,1.6216849276608332
7,ptype_7,3,have no,1.018908002908997
7,ptype_7,4,but,0.9043383477878592
7,ptype_7,5,no,0.8906962819440143
7,ptype_7,6,have,0.8700853935659622
7,ptype_7,7,sorry but,0.8483321023629722
7,ptype_7,8,response should,0.848069174704867
7,ptype_7,9,takes the,0.8139675424307562
7,ptype_7,10,person takes,0.7934252364255139
7,ptype_7,11,but have,0.7809162338247401
7,ptype_7,12,the first,0.7758256424466339
7,ptype_7,13,first,0.7644906233022274
7,ptype_7,14,longer response,0.7360544785286626
7,ptype_7,15,first person,0.7163018042643997
7,ptype_7,16,he,0.7085950984925635
7,ptype_7,17,work the,0.7036771500327897
7,ptype_7,18,takes,0.6967489564259798
7,ptype_7,19,sequence is,0.6707108004561464
7,ptype_7,20,the sequence,0.6707108004561464
8,ptype_8,1,points,1.1194925411866883
8,ptype_8,2,points points,1.1182059138278002
8,ptype_8,3,work and,1.0871006420222071
8,ptype_8,4,step,0.9094228843203096
8,ptype_8,5,that if,0.8690542216942617
8,ptype_8,6,work,0.8285825985635661
8,ptype_8,7,it,0.7564646510212374
8,ptype_8,8,go,0.6853677288386993
8,ptype_8,9,person,0.6801287468484627
8,ptype_8,10,ask if,0.660845475493197
8,ptype_8,11,the work,0.6500954648848127
8,ptype_8,12,step in,0.647447284094956
8,ptype_8,13,the next,0.6362192909748134
8,ptype_8,14,short sequence,0.6330505447160227
8,ptype_8,15,at 00,0.6289510219230582
8,ptype_8,16,for each,0.6199138851161975
8,ptype_8,17,at,0.6174638679597637
8,ptype_8,18,to go,0.6163282039681173
8,ptype_8,19,next step,0.6142318465345216
8,ptype_8,20,each step,0.5973631391458494
9,ptype_9,1,points,1.3297877134119096
9,ptype_9,2,minutes,1.2215086109037239
9,ptype_9,3,is to,1.1814007684581165
9,ptype_9,4,points points,1.0761349578231807
9,ptype_9,5,do,1.0601065149181643
9,ptype_9,6,minutes minutes,0.9902165336087083
9,ptype_9,7,paragraphs,0.9573300723391228
9,ptype_9,8,to the,0.9486060773408846
9,ptype_9,9,the next,0.9167890023748784
9,ptype_9,10,sentences,0.8909203950878135
9,ptype_9,11,person will,0.8794137888522016
9,ptype_9,12,paragraphs sentences,0.8424145154239328
9,ptype_9,13,at the,0.8315870316119134
9,ptype_9,14,next,0.8218835761682478
9,ptype_9,15,step is,0.8135393056899141
9,ptype_9,16,characters paragraphs,0.6797400850999705
9,ptype_9,17,the airport,0.6686906253109007
9,ptype_9,18,airport,0.6642523815390642
9,ptype_9,19,is,0.6516059644056263
9,ptype_9,20,plan,0.6367128338239824
10,ptype_10,1,sentences,2.7859773084824337
10,ptype_10,2,sentences sentences,2.211166288361775
10,ptype_10,3,minutes,1.186739676205929
10,ptype_10,4,this then,1.0740210341048453
10,ptype_10,5,then this,1.0132657047631646
10,ptype_10,6,minutes minutes,0.9714644408617579
10,ptype_10,7,do this,0.8402252600051915
10,ptype_10,8,the familiar,0.7735232700932567
10,ptype_10,9,suggest that,0.7232737196849603
10,ptype_10,10,will do,0.7226716210366135
10,ptype_10,11,continue with,0.6925213687591754
10,ptype_10,12,this,0.6779225635941368
10,ptype_10,13,will,0.6600762615124327
10,ptype_10,14,continue,0.659769108163312
10,ptype_10,15,familiar procedure,0.6346016641598321
10,ptype_10,16,dishes do,0.5919139478505827
10,ptype_10,17,suggest,0.5901920915934767
10,ptype_10,18,your,0.583842883060183
10,ptype_10,19,post,0.5818032058790347
10,ptype_10,20,familiar,0.5358195244503758
11,ptype_11,1,how,1.1561445964019819
11,ptype_11,2,how can,1.1281340133383786
11,ptype_11,3,minutes minutes,1.0998906219942108
11,ptype_11,4,ask question,1.0554887041187186
11,ptype_11,5,question if,1.0398153335229718
11,ptype_11,6,question,1.0186761180933044
11,ptype_11,7,what,0.9700378154333125
11,ptype_11,8,what is,0.9439224818121145
11,ptype_11,9,effect,0.9044186904290574
11,ptype_11,10,minutes,0.8836002052032347
11,ptype_11,11,is the,0.8570365137807119
11,ptype_11,12,is,0.8055808946573785
11,ptype_11,13,be divided,0.7620887418054199
11,ptype_11,14,purpose,0.688237245280351
11,ptype_11,15,purpose of,0.685135266462209
11,ptype_11,16,the purpose,0.6819715920712289
11,ptype_11,17,plan what,0.6806681690512596
11,ptype_11,18,their,0.664606905350636
11,ptype_11,19,is familiar,0.6518712005959236
11,ptype_11,20,work is,0.6241925324427822
12,ptype_12,1,ll,2.10615066824176
12,ptype_12,2,back,1.4963568186299578
12,ptype_12,3,ll be,1.2675396679438966
12,ptype_12,4,going to,1.0706896592885013
12,ptype_12,5,be there,1.0515795083144293
12,ptype_12,6,oh,1.023275290044492
12,ptype_12,7,there,1.021505451272635
12,ptype_12,8,going,0.9812811252608178
12,ptype_12,9,sorry can,0.9469062733358757
12,ptype_12,10,minutes ll,0.899638974531062
12,ptype_12,11,be,0.8808503945411311
12,ptype_12,12,do it,0.7567885171294968
12,ptype_12,13,back in,0.7444832584899496
12,ptype_12,14,we,0.7273064773194982
12,ptype_12,15,there in,0.7187958719907304
12,ptype_12,16,now,0.7078059832944239
12,ptype_12,17,re,0.7036541248540862
12,ptype_12,18,back to,0.6808950928685287
12,ptype_12,19,you re,0.6780322205395352
12,ptype_12,20,if the,0.6733695930381435
13,ptype_13,1,reply another,0.8729482635779018
13,ptype_13,2,about,0.8709432556355401
13,ptype_13,3,this step,0.809156687750355
13,ptype_13,4,write brief,0.7970001111115987
13,ptype_13,5,that sorry,0.7816174102653275
13,ptype_13,6,write,0.7813529044458577
13,ptype_13,7,another participant,0.75739495825201
13,ptype_13,8,update about,0.7421544199424449
13,ptype_13,9,brief,0.7377697152781876
13,ptype_13,10,another,0.6788338306603496
13,ptype_13,11,hear you,0.6444901307499081
13,ptype_13,12,do next,0.6384494532703551
13,ptype_13,13,of this,0.6218267082183996
13,ptype_13,14,out,0.6209687403223166
13,ptype_13,15,asks for,0.6076564289552785
13,ptype_13,16,for,0.6052076057432719
13,ptype_13,17,response about,0.5998328383878565
13,ptype_13,18,afraid can,0.599693384990406
13,ptype_13,19,but afraid,0.599693384990406
13,ptype_13,20,for an,0.5965896870636119
14,ptype_14,1,000 words,0.8958150451766835
14,ptype_14,2,words 000,0.8958150451766835
14,ptype_14,3,000,0.873716684073601
14,ptype_14,4,person,0.7772003085823652
14,ptype_14,5,reply another,0.7715777166678123
14,ptype_14,6,second person,0.7618160984557693
14,ptype_14,7,can go,0.7493134217432919
14,ptype_14,8,first person,0.7348994357171207
14,ptype_14,9,another,0.6971385673133547
14,ptype_14,10,into more,0.6957242964716608
14,ptype_14,11,another participant,0.6786525907459422
14,ptype_14,12,update about,0.6690053128225513
14,ptype_14,13,person says,0.6647525468458203
14,ptype_14,14,says ll,0.6647525468458203
14,ptype_14,15,says,0.634807699170671
14,ptype_14,16,about,0.6343341317879804
14,ptype_14,17,reply,0.6310883497035156
14,ptype_14,18,more detail,0.6295584261482475
14,ptype_14,19,go,0.6222175791564369
14,ptype_14,20,an,0.6189526272518278
15,ptype_15,1,minutes hours,0.8081787707614706
15,ptype_15,2,sorry,0.7588510979875507
15,ptype_15,3,hours days,0.7498936550079862
15,ptype_15,4,days weeks,0.7498936550079862
15,ptype_15,5,is this,0.7385678277378694
15,ptype_15,6,this the,0.7353855816565299
15,ptype_15,7,days,0.7170370671673236
15,ptype_15,8,at,0.6623584680989555
15,ptype_15,9,use,0.6604459578881745
15,ptype_15,10,question about,0.6466023225655957
15,ptype_15,11,use it,0.6287503857861538
15,ptype_15,12,talking about,0.6210833344786642
15,ptype_15,13,weeks,0.5949030176168452
15,ptype_15,14,do not,0.5916019606690828
15,ptype_15,15,why is,0.590379967396476
15,ptype_15,16,step,0.5892161277345099
15,ptype_15,17,talking,0.565091598291836
15,ptype_15,18,team,0.5641590868432472
15,ptype_15,19,you question,0.5634786225355115
15,ptype_15,20,sorry not,0.5599253062067998
16,ptype_16,1,note this,2.730810447087135
16,ptype_16,2,note,2.2130113339671436
16,ptype_16,3,this is,2.0632244294806275
16,ptype_16,4,this,1.390037809661655
16,ptype_16,5,ask for,0.9270141032512725
16,ptype_16,6,may not,0.9022078896887262
16,ptype_16,7,is good,0.9011826016374865
16,ptype_16,8,step for,0.888498632048911
16,ptype_16,9,approach https,0.880543107435587
16,ptype_16,10,you may,0.8143996348745326
16,ptype_16,11,may,0.784675648910654
16,ptype_16,12,good,0.7788520719542396
16,ptype_16,13,so you,0.7694050231168599
16,ptype_16,14,your response,0.7491197958742394
16,ptype_16,15,https www,0.7359315672424542
16,ptype_16,16,www,0.7154440074545831
16,ptype_16,17,https,0.7127128045059793
16,ptype_16,18,information,0.7008745919610115
16,ptype_16,19,12 13,0.6910341645190949
16,ptype_16,20,to ask,0.6864466974877451
17,ptype_17,1,point point,1.855945362450769
17,ptype_17,2,point,1.5820547853479034
17,ptype_17,3,taken,0.9201524418912115
17,ptype_17,4,was,0.8684031701199927
17,ptype_17,5,will,0.7514629368842425
17,ptype_17,6,work,0.7232208645301779
17,ptype_17,7,go to,0.7029268065221076
17,ptype_17,8,try to,0.6992883702469241
17,ptype_17,9,with,0.6969473824057529
17,ptype_17,10,time of,0.6770618867833719
17,ptype_17,11,step then,0.6743701613760649
17,ptype_17,12,to work,0.6547208685817478
17,ptype_17,13,later,0.6159244510618415
17,ptype_17,14,up with,0.6108671775601971
17,ptype_17,15,will try,0.5829662712857702
17,ptype_17,16,with longer,0.5792696503447059
17,ptype_17,17,minutes point,0.5692763714888766
17,ptype_17,18,method will,0.5630476583161436
17,ptype_17,19,hours hours,0.5623409739780718
17,ptype_17,20,my,0.5375667045465186
18,ptype_18,1,sure how,0.8881291442084736
18,ptype_18,2,how to,0.8271316730513769
18,ptype_18,3,do this,0.6540817399116121
18,ptype_18,4,not sure,0.6443907996416561
18,ptype_18,5,to keep,0.644131734891722
18,ptype_18,6,keep,0.644131734891722
18,ptype_18,7,this,0.642150349336868
18,ptype_18,8,this not,0.6319610357491643
18,ptype_18,9,how,0.6230291379071897
18,ptype_18,10,actions you,0.5975462702734952
18,ptype_18,11,is good,0.5776845744311068
18,ptype_18,12,of actions,0.5667192494269325
18,ptype_18,13,sure,0.5637341388299812
18,ptype_18,14,11,0.5593792669775055
18,ptype_18,15,the event,0.5530314039063813
18,ptype_18,16,this is,0.5521359067893886
18,ptype_18,17,then in,0.5476028820764203
18,ptype_18,18,list,0.541293967104923
18,ptype_18,19,good,0.5320493908134865
18,ptype_18,20,list if,0.5306810198579776
19,ptype_19,1,10 10,2.7195573839185925
19,ptype_19,2,10,1.2004601608659402
19,ptype_19,3,place,1.0663131910881003
19,ptype_19,4,try it,1.0546289121409167
19,ptype_19,5,place gets,0.886147788456301
19,ptype_19,6,try,0.8568778769710866
19,ptype_19,7,21 22,0.7995217140233308
19,ptype_19,8,22,0.7995217140233308
19,ptype_19,9,gets,0.7898235448774804
19,ptype_19,10,see if,0.7711980794879124
19,ptype_19,11,if it,0.7654425103620719
19,ptype_19,12,and see,0.7623929038633491
19,ptype_19,13,people,0.7571076116597601
19,ptype_19,14,going,0.7148551356548097
19,ptype_19,15,see,0.6840799908809784
19,ptype_19,16,car,0.6774584074235973
19,ptype_19,17,it and,0.6737394125752698
19,ptype_19,18,minutes minutes,0.6728466806938065
19,ptype_19,19,late,0.6500475578842679
19,ptype_19,20,going to,0.644030464294763
20,ptype_20,1,would,1.0996386561688416
20,ptype_20,2,randomly,1.0085471778288861
20,ptype_20,3,assign,0.8913748700113904
20,ptype_20,4,get,0.8348729107898197
20,ptype_20,5,randomly assign,0.7908668761545818
20,ptype_20,6,the deadline,0.7626731530612318
20,ptype_20,7,would ask,0.7507539916417424
20,ptype_20,8,assign the,0.740148392518252
20,ptype_20,9,deadline,0.706702753226547
20,ptype_20,10,sorry,0.701012342782747
20,ptype_20,11,would try,0.6917414586636129
20,ptype_20,12,sorry didn,0.6773975258948982
20,ptype_20,13,deadline what,0.6771321501441934
20,ptype_20,14,but allow,0.6613151968178453
20,ptype_20,15,didn,0.6386111840966024
20,ptype_20,16,method would,0.6069841591663374
20,ptype_20,17,people to,0.6002561205572461
20,ptype_20,18,step what,0.5918676737052146
20,ptype_20,19,due,0.5830225337214591
20,ptype_20,20,ll get,0.5658741642139593
21,ptype_21,1,need,1.2561023172844552
21,ptype_21,2,ask the,1.0886629972646877
21,ptype_21,3,ask,1.011745656890188
21,ptype_21,4,are not,0.938795963860909
21,ptype_21,5,you need,0.8370564421034328
21,ptype_21,6,beer,0.8316781735431389
21,ptype_21,7,then ask,0.8199401937111781
21,ptype_21,8,you are,0.8133877900363302
21,ptype_21,9,coffee,0.8028098078660876
21,ptype_21,10,paragraphs,0.7932439975354663
21,ptype_21,11,if,0.7717143073002185
21,ptype_21,12,get,0.7416566068823252
21,ptype_21,13,will,0.7247740013538401
21,ptype_21,14,more,0.7140871444285645
21,ptype_21,15,chair,0.6929049789389197
21,ptype_21,16,need more,0.6781558596847191
21,ptype_21,17,this,0.6621493690162624
21,ptype_21,18,for more,0.6583139115623782
21,ptype_21,19,if you,0.6531866339538075
21,ptype_21,20,person you,0.6331598205291338
22,ptype_22,1,have,1.273968321266995
22,ptype_22,2,that sorry,1.151915469949477
22,ptype_22,3,important,0.9697002024180652
22,ptype_22,4,do not,0.8733950417075368
22,ptype_22,5,hear that,0.8418875811932198
22,ptype_22,6,hear,0.8219498398127418
22,ptype_22,7,minutes minutes,0.7954968464642433
22,ptype_22,8,what,0.7894125621496443
22,ptype_22,9,sorry to,0.7767749003985225
22,ptype_22,10,most important,0.7753775533211988
22,ptype_22,11,have list,0.7651964012484519
22,ptype_22,12,not sure,0.7621213813079583
22,ptype_22,13,to hear,0.7584957239954226
22,ptype_22,14,mean,0.7265135437070996
22,ptype_22,15,to do,0.7226128784676897
22,ptype_22,16,to,0.7043238820846608
22,ptype_22,17,thing to,0.7020746302498144
22,ptype_22,18,sure,0.6987270929459581
22,ptype_22,19,people who,0.6958941292281436
22,ptype_22,20,you mean,0.6893087205777172
23,ptype_23,1,100 words,1.6290895995156196
23,ptype_23,2,100,1.5318147703663452
23,ptype_23,3,words,1.3937085128894497
23,ptype_23,4,better,1.3020361907945672
23,ptype_23,5,feel better,1.2931753963968105
23,ptype_23,6,hope you,1.2573743242599378
23,ptype_23,7,hope,1.2061936933458053
23,ptype_23,8,better soon,1.1358216061066215
23,ptype_23,9,that hope,1.094114361113329
23,ptype_23,10,then ask,0.918973500316749
23,ptype_23,11,you feel,0.9180234956562553
23,ptype_23,12,person better,0.8487317924057998
23,ptype_23,13,feel,0.8478743349451123
23,ptype_23,14,know the,0.7966618315063925
23,ptype_23,15,soon,0.7824555136676183
23,ptype_23,16,to hear,0.7493427355094364
23,ptype_23,17,hear that,0.7286671339663667
23,ptype_23,18,sorry to,0.7254437783051315
23,ptype_23,19,do not,0.709360735104409
23,ptype_23,20,question to,0.7065695059875339
24,ptype_24,1,hours later,1.505438200042026
24,ptype_24,2,re not,1.1148933871718993
24,ptype_24,3,hours,1.0563615496406582
24,ptype_24,4,reply hours,0.9978684311266858
24,ptype_24,5,you re,0.957440042734071
24,ptype_24,6,re,0.9551923063722515
24,ptype_24,7,later another,0.8758464204634683
24,ptype_24,8,later,0.7921338608727733
24,ptype_24,9,get,0.7664939364454466
24,ptype_24,10,ask,0.7292698541247358
24,ptype_24,11,question,0.7137808545138642
24,ptype_24,12,ask ask,0.7003182073348313
24,ptype_24,13,not sure,0.6999586332093097
24,ptype_24,14,to ask,0.6499660600512603
24,ptype_24,15,update write,0.6453596401426732
24,ptype_24,16,sentences is,0.6385137937509214
24,ptype_24,17,to decide,0.6193073068456036
24,ptype_24,18,immediate response,0.6173485673335396
24,ptype_24,19,if,0.6081712220534579
24,ptype_24,20,like,0.6001427270444492
25,ptype_25,1,to you,0.734790790978179
25,ptype_25,2,weekend,0.6359245471517032
25,ptype_25,3,the dog,0.6266511775097241
25,ptype_25,4,is not,0.6266277292464871
25,ptype_25,5,will,0.5707013384009151
25,ptype_25,6,hours hours,0.5647776729966806
25,ptype_25,7,store,0.5573957464160205
25,ptype_25,8,we,0.5518178711564986
25,ptype_25,9,2017,0.5415883284255967
25,ptype_25,10,2017 2017,0.5357417688035722
25,ptype_25,11,minutes minutes,0.5342088859677783
25,ptype_25,12,dog,0.5285652734234686
25,ptype_25,13,to the,0.5278095223458148
25,ptype_25,14,software is,0.5127234696877775
25,ptype_25,15,you want,0.5111901062532916
25,ptype_25,16,will now,0.4859078117359378
25,ptype_25,17,go,0.4784937861473423
25,ptype_25,18,will then,0.4709946042878616
25,ptype_25,19,some,0.46648789462593854
25,ptype_25,20,store and,0.4603488610420611
26,ptype_26,1,elm,2.092391910543144
26,ptype_26,2,are,1.733643121050859
26,ptype_26,3,you are,1.5205405402436059
26,ptype_26,4,rollme,1.257886733832789
26,ptype_26,5,raeflower,1.195648020183595
26,ptype_26,6,raeflower raeflower,1.1516013634701352
26,ptype_26,7,1d10,1.10759927265877
26,ptype_26,8,elm package,0.9648419114235626
26,ptype_26,9,are not,0.9122046895683151
26,ptype_26,10,file,0.8804042296026451
26,ptype_26,11,package,0.8266317038131761
26,ptype_26,12,template,0.8093520615732752
26,ptype_26,13,are both,0.8075797417595447
26,ptype_26,14,respond,0.799952292257178
26,ptype_26,15,character,0.7915697464572593
26,ptype_26,16,use the,0.7833899221246015
26,ptype_26,17,help,0.7647585386715836
26,ptype_26,18,for help,0.7589871280566689
26,ptype_26,19,help if,0.7524329552295826
26,ptype_26,20,create,0.7443115090655709
27,ptype_27,1,hours,1.265256051835291
27,ptype_27,2,with,1.0516734371299241
27,ptype_27,3,are the,0.9799851596237733
27,ptype_27,4,hours hours,0.9218193858189931
27,ptype_27,5,what are,0.8940306041454795
27,ptype_27,6,points points,0.7881248844828761
27,ptype_27,7,points,0.7573435423451402
27,ptype_27,8,as,0.7505494147826308
27,ptype_27,9,up email,0.657595785161491
27,ptype_27,10,write research,0.6545673942658715
27,ptype_27,11,email,0.6419185380473016
27,ptype_27,12,that you,0.6376150026711475
27,ptype_27,13,minutes minutes,0.6250588903422329
27,ptype_27,14,are,0.6176641880662391
27,ptype_27,15,immediate next,0.5998092164216658
27,ptype_27,16,and,0.5340893242396324
27,ptype_27,17,to write,0.5311942495927574
27,ptype_27,18,then in,0.514392316482273
27,ptype_27,19,give short,0.5092564589148513
27,ptype_27,20,should do,0.506112746467355
28,ptype_28,1,don,1.7070863314318234
28,ptype_28,2,you don,1.4909780540931628
28,ptype_28,3,if you,1.308681906139779
28,ptype_28,4,sentences,1.288664373313232
28,ptype_28,5,don have,1.2772840634568945
28,ptype_28,6,have time,1.228602031418835
28,ptype_28,7,sentences sentences,1.205115557279155
28,ptype_28,8,if,1.0626279961388594
28,ptype_28,9,say,1.0242294726592138
28,ptype_28,10,think that,0.9476594065412897
28,ptype_28,11,novels,0.8709338128017824
28,ptype_28,12,books novels,0.8709338128017824
28,ptype_28,13,time to,0.8162847264365709
28,ptype_28,14,novels books,0.7896545670639011
28,ptype_28,15,you are,0.7774527689043548
28,ptype_28,16,it is,0.7744980880547326
28,ptype_28,17,time,0.7639597229072913
28,ptype_28,18,books,0.7271447661321618
28,ptype_28,19,sentences 10,0.7040620402049034
28,ptype_28,20,so,0.6977613158634671
29,ptype_29,1,ask if,1.271940060130995
29,ptype_29,2,points points,1.192051493478818
29,ptype_29,3,minutes,1.0905522499874707
29,ptype_29,4,points,0.954798001471236
29,ptype_29,5,you re,0.8287633893024904
29,ptype_29,6,state of,0.822904783350715
29,ptype_29,7,pages,0.7952986014185149
29,ptype_29,8,re,0.7927831038326055
29,ptype_29,9,then after,0.7917153698081125
29,ptype_29,10,current state,0.7837112199672478
29,ptype_29,11,minutes minutes,0.7759069743177036
29,ptype_29,12,re not,0.7638658670592168
29,ptype_29,13,create new,0.763391871735776
29,ptype_29,14,create,0.719303307977172
29,ptype_29,15,not,0.6704816615707172
29,ptype_29,16,sure,0.6629582835059938
29,ptype_29,17,sure what,0.6617075109290353
29,ptype_29,18,after,0.6389265128781129
29,ptype_29,19,the current,0.6297506448193697
29,ptype_29,20,current,0.6207549747054146
30,ptype_30,1,response,1.2479197597266412
30,ptype_30,2,you are,1.2464984009533702
30,ptype_30,3,write,1.1822524965844334
30,ptype_30,4,am,0.9997633217678887
30,ptype_30,5,are,0.8686918714798089
30,ptype_30,6,parts each,0.8528958964258344
30,ptype_30,7,longer response,0.8059272984170845
30,ptype_30,8,in two,0.7845246214031091
30,ptype_30,9,longer,0.7566151351841489
30,ptype_30,10,brief,0.7528392415663608
30,ptype_30,11,reply,0.7084591647689471
30,ptype_30,12,am not,0.7012503955938358
30,ptype_30,13,two parts,0.6950823673203629
30,ptype_30,14,to party,0.6792218381409713
30,ptype_30,15,reply you,0.67055738258388
30,ptype_30,16,want to,0.6443735020021164
30,ptype_30,17,get the,0.6432352300268627
30,ptype_30,18,are participant,0.6375537911420368
30,ptype_30,19,each of,0.6252968656168361
30,ptype_30,20,participant in,0.6168826647909672
31,ptype_31,1,hours hours,0.9884784087812833
31,ptype_31,2,you are,0.9115346468018002
31,ptype_31,3,are,0.8860672117059302
31,ptype_31,4,and,0.877490705895881
31,ptype_31,5,may,0.8069710631891487
31,ptype_31,6,you may,0.7228773133923635
31,ptype_31,7,hours,0.6864307966440409
31,ptype_31,8,help,0.6818989332923772
31,ptype_31,9,may want,0.648693537197011
31,ptype_31,10,kids,0.6340958330480178
31,ptype_31,11,and the,0.6302538228088969
31,ptype_31,12,description,0.6106156771211014
31,ptype_31,13,situation,0.5833494298301973
31,ptype_31,14,clean the,0.5833207355957726
31,ptype_31,15,dishes and,0.5791677950308715
31,ptype_31,16,if the,0.5739597452014799
31,ptype_31,17,the situation,0.5404197552837068
31,ptype_31,18,are not,0.5331191468579451
31,ptype_31,19,to help,0.5307418922879843
31,ptype_31,20,expected result,0.5305320272996255
