ptype,layer,centroid_norm
0,0,0.10973030916666666
0,1,1.040794175
0,2,1.1485015083333334
0,3,1.3429389166666665
0,4,1.5123426233333335
0,5,1.6793085066666666
0,6,1.8229427333333332
0,7,2.05851625
0,8,2.2882596833333335
0,9,2.4411665
0,10,2.53058515
0,11,2.5931528833333335
0,12,2.854378366666667
0,13,3.0410508333333333
0,14,3.239591766666667
0,15,3.4188263833333337
0,16,3.9647756
0,17,4.442420116666667
0,18,4.890353783333333
0,19,5.195625466666667
0,20,5.5724650166666665
0,21,6.498512600000001
0,22,7.123932333333333
0,23,7.8576036
0,24,8.49777915
0,25,9.20941285
0,26,10.058104416666668
0,27,10.933206083333332
0,28,11.772055166666668
0,29,13.694132166666668
0,30,18.047764666666666
0,31,36.57726433333333
1,0,0.12081089333333334
1,1,1.016845525
1,2,1.1155980866666668
1,3,1.3007296166666666
1,4,1.5002068583333334
1,5,1.6898812166666666
1,6,1.8434268500000002
1,7,2.1039709166666665
1,8,2.3200210166666664
1,9,2.4413401166666664
1,10,2.56438695
1,11,2.637375583333333
1,12,2.9051878666666666
1,13,3.0852761166666665
1,14,3.2295229333333335
1,15,3.3905622999999996
1,16,3.9204364666666667
1,17,4.398223416666666
1,18,4.842238966666667
1,19,5.124611266666666
1,20,5.492985466666667
1,21,6.356899583333334
1,22,6.959349416666666
1,23,7.729756500000001
1,24,8.475964783333334
1,25,9.192458366666667
1,26,10.1016771
1,27,10.988656033333333
1,28,11.721488333333333
1,29,13.555253666666667
1,30,17.785618499999998
1,31,36.72558566666667
2,0,0.11177986666666667
2,1,0.70907742
2,2,0.8046095533333334
2,3,0.9899024083333333
2,4,1.212966205
2,5,1.39102575
2,6,1.5669816
2,7,1.7880699166666665
2,8,2.0088055833333334
2,9,2.1692551166666667
2,10,2.2714776333333333
2,11,2.3583547
2,12,2.6616079999999998
2,13,2.8665166
2,14,3.025184833333333
2,15,3.2699926666666665
2,16,3.9290305666666665
2,17,4.461887016666666
2,18,4.927841533333333
2,19,5.2462697
2,20,5.661841466666666
2,21,6.648202616666667
2,22,7.318903133333333
2,23,8.084003066666666
2,24,8.777788983333332
2,25,9.515262816666667
2,26,10.3841545
2,27,11.401386083333334
2,28,12.400186333333332
2,29,14.496051
2,30,18.5635955
2,31,33.993235166666665
3,0,0.09502200083333333
3,1,0.8607994883333333
3,2,0.9492945733333333
3,3,1.136284205
3,4,1.3219706733333334
3,5,1.4846282216666669
3,6,1.6384679833333333
3,7,1.8641075666666664
3,8,2.0795401166666667
3,9,2.2299693499999997
3,10,2.3074654666666667
3,11,2.4329501
3,12,2.6691449833333336
3,13,2.8931013333333335
3,14,2.9802992666666666
3,15,3.1444265333333337
3,16,3.66348985
3,17,4.212206083333333
3,18,4.66855035
3,19,4.9554538500000005
3,20,5.286433633333333
3,21,6.266905266666666
3,22,6.840615016666667
3,23,7.5610505
3,24,8.2755971
3,25,9.001444333333334
3,26,9.792777416666667
3,27,10.715214216666666
3,28,11.436328000000001
3,29,13.370203833333335
3,30,17.462565333333334
3,31,33.34374416666667
4,0,0.10617841066666667
4,1,1.2743637316666667
4,2,1.379740395
4,3,1.5467720733333332
4,4,1.7259709399999998
4,5,1.8911033933333332
4,6,2.055415
4,7,2.2582913833333333
4,8,2.47757155
4,9,2.62060265
4,10,2.7524826
4,11,2.843101883333333
4,12,3.1168415333333335
4,13,3.2751335333333333
4,14,3.3961460166666666
4,15,3.5746611833333333
4,16,4.110659133333333
4,17,4.6331645833333335
4,18,5.076582383333334
4,19,5.367753216666666
4,20,5.765094449999999
4,21,6.669020133333333
4,22,7.357162783333333
4,23,8.108531016666666
4,24,8.8177854
4,25,9.509325716666666
4,26,10.4372695
4,27,11.420500500000001
4,28,12.284957166666667
4,29,14.212636000000002
4,30,18.064314333333332
4,31,34.980899
5,0,0.11686859233333334
5,1,1.0109827850000002
5,2,1.1269990533333334
5,3,1.3076723399999999
5,4,1.4905456499999998
5,5,1.6883398600000001
5,6,1.8720804666666666
5,7,2.1289321
5,8,2.364642116666667
5,9,2.538966483333333
5,10,2.6772542833333333
5,11,2.7932471166666666
5,12,3.0651751333333337
5,13,3.2495044666666666
5,14,3.4537603333333333
5,15,3.6588042499999998
5,16,4.3438925500000005
5,17,4.9489757
5,18,5.428574466666666
5,19,5.7967856
5,20,6.223883933333333
5,21,7.362438666666667
5,22,8.109157983333334
5,23,8.997546733333333
5,24,9.727061133333335
5,25,10.607748416666666
5,26,11.598736333333333
5,27,12.647487666666668
5,28,13.656456833333332
5,29,15.776559166666667
5,30,19.719709499999997
5,31,35.390687166666666
6,0,0.11765386416666668
6,1,1.051146715
6,2,1.1434065033333334
6,3,1.3282962066666666
6,4,1.5087039983333332
6,5,1.6527399450000002
6,6,1.8322348166666667
6,7,2.065284183333333
6,8,2.2800253
6,9,2.4115053
6,10,2.5122612833333333
6,11,2.590374333333333
6,12,2.866474966666667
6,13,3.1095204333333335
6,14,3.2234577666666664
6,15,3.4597234
6,16,4.01645915
6,17,4.563884649999999
6,18,5.06286035
6,19,5.3690990833333325
6,20,5.715885316666667
6,21,6.661669616666667
6,22,7.310289900000001
6,23,8.076307183333334
6,24,8.753680699999999
6,25,9.539883116666667
6,26,10.520545666666667
6,27,11.514079166666667
6,28,12.4585625
6,29,14.425397833333333
6,30,18.739156666666666
6,31,35.09765616666667
7,0,0.04357895283333333
7,1,0.3797101508333333
7,2,0.42426204000000006
7,3,0.49704477666666663
7,4,0.556350045
7,5,0.6032064116666667
7,6,0.6521637583333333
7,7,0.7503879783333334
7,8,0.8714820433333333
7,9,0.9995568283333333
7,10,1.1246711
7,11,1.2415662833333334
7,12,1.4318198833333333
7,13,1.6126881
7,14,1.8172194166666664
7,15,2.0381468666666667
7,16,2.38202095
7,17,2.8072713166666667
7,18,3.1356276333333333
7,19,3.3598602166666667
7,20,3.5832413666666665
7,21,4.282283883333333
7,22,4.6878064833333335
7,23,5.245358599999999
7,24,5.712701549999999
7,25,6.187376333333334
7,26,6.881681366666666
7,27,7.503479683333334
7,28,8.012623549999999
7,29,9.174325633333334
7,30,12.076896
7,31,25.082678666666666
8,0,0.12627467166666667
8,1,1.0670904849999998
8,2,1.17529693
8,3,1.3523698
8,4,1.5318185450000001
8,5,1.7067694833333331
8,6,1.8832312666666666
8,7,2.0931408499999997
8,8,2.3163739333333333
8,9,2.43041295
8,10,2.5081534166666666
8,11,2.5605308
8,12,2.8353303166666666
8,13,3.030947283333333
8,14,3.1672984166666667
8,15,3.36654995
8,16,3.9420370333333334
8,17,4.531702933333333
8,18,4.988098966666667
8,19,5.31815795
8,20,5.666067933333333
8,21,6.6417345333333335
8,22,7.259201050000001
8,23,8.1014507
8,24,8.78738765
8,25,9.59704395
8,26,10.515273166666667
8,27,11.535724166666666
8,28,12.444107666666667
8,29,14.507632416666667
8,30,19.103207666666666
8,31,37.9765625
9,0,0.12118683333333334
9,1,0.9086981583333333
9,2,1.0081964783333333
9,3,1.204309155
9,4,1.39008264
9,5,1.5483855333333334
9,6,1.7322917333333334
9,7,2.00643665
9,8,2.2352563333333335
9,9,2.3974416499999998
9,10,2.4966847666666667
9,11,2.597201566666667
9,12,2.916168783333333
9,13,3.119806366666667
9,14,3.231798233333333
9,15,3.439667383333333
9,16,4.01188235
9,17,4.587306433333333
9,18,5.0900449
9,19,5.4184571833333335
9,20,5.80255465
9,21,6.870410266666666
9,22,7.5198088
9,23,8.350986683333334
9,24,9.09851245
9,25,9.90179225
9,26,10.863327583333332
9,27,11.981587333333332
9,28,12.93353825
9,29,14.962692500000001
9,30,19.762809333333333
9,31,41.44514833333333
10,0,0.12527723333333332
10,1,1.2167199233333335
10,2,1.319268775
10,3,1.4954424866666667
10,4,1.6550879250000001
10,5,1.8392788333333332
10,6,1.9671405999999998
10,7,2.1590891500000002
10,8,2.3549271666666667
10,9,2.4989419666666666
10,10,2.611969783333333
10,11,2.6991544333333333
10,12,2.9590651666666665
10,13,3.1478036166666663
10,14,3.345146366666667
10,15,3.5694990166666667
10,16,4.086764016666667
10,17,4.660157483333333
10,18,5.198418716666667
10,19,5.521393499999999
10,20,5.936031066666666
10,21,7.01920745
10,22,7.676019216666667
10,23,8.513424583333334
10,24,9.213386466666668
10,25,10.004546
10,26,10.980577083333335
10,27,12.102104666666667
10,28,13.108031333333335
10,29,15.300724166666667
10,30,20.1038705
10,31,38.57921033333333
11,0,0.13088091100000002
11,1,0.9110048283333333
11,2,1.0158019333333332
11,3,1.1948702933333333
11,4,1.390367715
11,5,1.5254570566666665
11,6,1.6810777333333335
11,7,1.93884305
11,8,2.181192
11,9,2.30333535
11,10,2.3803011666666665
11,11,2.475553383333333
11,12,2.7219705
11,13,2.9966848833333333
11,14,3.122393983333333
11,15,3.3152253
11,16,3.8774270666666664
11,17,4.458931233333334
11,18,4.945092066666667
11,19,5.2520978666666664
11,20,5.638468816666666
11,21,6.613245616666667
11,22,7.2072987
11,23,7.990711916666666
11,24,8.643523933333332
11,25,9.453851883333334
11,26,10.479389333333334
11,27,11.611786833333333
11,28,12.487045
11,29,14.371952
11,30,19.076832333333332
11,31,38.800128666666666
12,0,0.105961659
12,1,1.0459331633333333
12,2,1.1464222733333334
12,3,1.3482217166666668
12,4,1.5266505366666667
12,5,1.6844091600000002
12,6,1.8553431333333332
12,7,2.0821731666666667
12,8,2.2950598666666666
12,9,2.441056966666667
12,10,2.5327060333333336
12,11,2.6092753666666666
12,12,2.84827765
12,13,3.10385465
12,14,3.2556206833333334
12,15,3.4669296166666665
12,16,4.050635616666667
12,17,4.5513168833333335
12,18,5.0566211
12,19,5.3780873
12,20,5.775939116666667
12,21,6.813021666666667
12,22,7.490664783333333
12,23,8.36196405
12,24,9.162620500000001
12,25,9.9403655
12,26,10.969025833333333
12,27,11.958391666666666
12,28,12.916793666666665
12,29,14.892151833333335
12,30,19.045186
12,31,37.330403
13,0,0.10053933500000001
13,1,0.5627633966666666
13,2,0.6685603116666666
13,3,0.8731647666666666
13,4,1.0601335833333334
13,5,1.2387767666666667
13,6,1.42742985
13,7,1.6769450333333333
13,8,1.9492520833333333
13,9,2.0424933666666667
13,10,2.1512303333333334
13,11,2.2192040166666667
13,12,2.5126091
13,13,2.78048885
13,14,2.9291003166666667
13,15,3.0829862
13,16,3.6962043166666665
13,17,4.140864183333333
13,18,4.612307216666667
13,19,4.891995016666667
13,20,5.244586933333333
13,21,6.113657516666667
13,22,6.74734045
13,23,7.4377515
13,24,8.09754415
13,25,8.865002833333333
13,26,9.853593
13,27,10.746470333333335
13,28,11.654369666666668
13,29,13.50923425
13,30,17.555098333333333
13,31,34.48873366666667
14,0,0.11130595466666666
14,1,0.8687077733333334
14,2,0.9669480833333334
14,3,1.1542024433333333
14,4,1.3634418433333335
14,5,1.53734281
14,6,1.7090411833333334
14,7,1.9207320666666667
14,8,2.1910618833333335
14,9,2.30870245
14,10,2.43486995
14,11,2.5078695833333335
14,12,2.8281838666666665
14,13,3.071779333333333
14,14,3.2067950166666663
14,15,3.391038233333333
14,16,3.9829103499999996
14,17,4.515584716666667
14,18,5.02750515
14,19,5.322036983333333
14,20,5.729888016666667
14,21,6.705735316666666
14,22,7.371513
14,23,8.247011933333333
14,24,9.01510585
14,25,9.819277116666667
14,26,10.789842166666666
14,27,11.846546833333333
14,28,12.657581
14,29,14.6728145
14,30,19.075469666666667
14,31,36.948139499999996
15,0,0.096464371
15,1,1.1245940250000002
15,2,1.1969314016666666
15,3,1.3521569400000002
15,4,1.5033908216666667
15,5,1.6507687183333335
15,6,1.7824913733333334
15,7,2.025856895
15,8,2.26777105
15,9,2.4060329166666663
15,10,2.5581777000000003
15,11,2.6603854333333334
15,12,2.890412016666667
15,13,3.1055683833333334
15,14,3.204762216666667
15,15,3.516870733333333
15,16,4.180755016666667
15,17,4.758168516666667
15,18,5.306981816666666
15,19,5.66061175
15,20,6.071480766666666
15,21,7.185520516666667
15,22,7.950195916666666
15,23,8.984481166666667
15,24,9.8192244
15,25,10.653394
15,26,11.7318695
15,27,12.892942333333332
15,28,13.917828666666665
15,29,16.154762666666667
15,30,20.273483166666665
15,31,37.9470555
16,0,0.10310967233333333
16,1,1.0880101583333333
16,2,1.19340417
16,3,1.373917255
16,4,1.5550584716666667
16,5,1.6838242333333333
16,6,1.8280680899999997
16,7,2.0587893333333334
16,8,2.28481925
16,9,2.4359347833333334
16,10,2.5342927333333334
16,11,2.6445257833333335
16,12,2.9082038166666666
16,13,3.0734152
16,14,3.20596815
16,15,3.3681091
16,16,3.9420392
16,17,4.4755128
16,18,4.987858983333333
16,19,5.274801466666667
16,20,5.6579902833333335
16,21,6.63653095
16,22,7.3528514
16,23,8.204522783333333
16,24,9.0566192
16,25,9.819032833333333
16,26,10.906252916666666
16,27,11.971846333333334
16,28,12.929442333333334
16,29,15.049955500000001
16,30,19.454966333333335
16,31,37.681807166666665
17,0,0.1288075775
17,1,1.0500035666666667
17,2,1.15684901
17,3,1.3556422783333335
17,4,1.5512528583333334
17,5,1.6933011666666669
17,6,1.8606660000000002
17,7,2.0854237
17,8,2.279441933333333
17,9,2.4734859
17,10,2.5641880333333336
17,11,2.632351433333333
17,12,2.9141438666666666
17,13,3.1580434
17,14,3.3099403666666665
17,15,3.5611044166666663
17,16,4.0784227
17,17,4.6884803
17,18,5.164628466666667
17,19,5.504237516666667
17,20,5.874628183333333
17,21,6.856797383333333
17,22,7.50938005
17,23,8.288037933333333
17,24,8.965897983333333
17,25,9.804137916666667
17,26,10.718276583333335
17,27,11.708076166666666
17,28,12.742255166666666
17,29,15.033450833333333
17,30,19.3449825
17,31,38.77107633333333
18,0,0.08518271683333334
18,1,0.7093408683333333
18,2,0.8018346116666667
18,3,0.9715802133333332
18,4,1.13420076
18,5,1.2893324400000001
18,6,1.431868266666667
18,7,1.6624058833333333
18,8,1.9094547333333332
18,9,2.10806485
18,10,2.2510125333333337
18,11,2.422060333333333
18,12,2.6750785666666665
18,13,2.8389669166666667
18,14,2.9805713666666667
18,15,3.1833237000000003
18,16,3.8001308999999996
18,17,4.390681716666666
18,18,4.91139185
18,19,5.234371683333333
18,20,5.5844786
18,21,6.5394882999999995
18,22,7.1237909833333335
18,23,7.975915716666667
18,24,8.713446916666667
18,25,9.486184999999999
18,26,10.496603499999999
18,27,11.532584166666666
18,28,12.316400666666667
18,29,14.275367916666667
18,30,18.948590749999997
18,31,35.986685333333334
19,0,0.08221827133333333
19,1,1.0589997949999999
19,2,1.15750626
19,3,1.33234194
19,4,1.502179075
19,5,1.66694814
19,6,1.8355903
19,7,2.0552997166666667
19,8,2.2996822666666668
19,9,2.4692524166666665
19,10,2.5857306166666665
19,11,2.677716033333333
19,12,2.9120713166666667
19,13,3.139579466666666
19,14,3.366082666666667
19,15,3.551890333333333
19,16,4.1121808
19,17,4.733626883333334
19,18,5.235264683333333
19,19,5.614831333333334
19,20,6.129352983333334
19,21,7.243177033333333
19,22,8.087339883333334
19,23,8.838743
19,24,9.51272765
19,25,10.4200545
19,26,11.387785166666667
19,27,12.5595845
19,28,13.686234333333331
19,29,15.619872666666666
19,30,20.26987816666667
19,31,37.50696366666667
20,0,0.11163773983333335
20,1,0.8779855833333334
20,2,0.9901164783333334
20,3,1.1990767533333333
20,4,1.404219705
20,5,1.5765071716666668
20,6,1.72124595
20,7,2.0034592333333334
20,8,2.2355126333333333
20,9,2.35609365
20,10,2.4595973
20,11,2.51663645
20,12,2.7692348166666663
20,13,2.984920583333333
20,14,3.1828114833333334
20,15,3.365823983333333
20,16,3.972992316666667
20,17,4.518587616666667
20,18,5.012314633333333
20,19,5.3352256166666665
20,20,5.688113883333333
20,21,6.67234435
20,22,7.320468133333333
20,23,8.142894266666667
20,24,8.952891383333332
20,25,9.7613755
20,26,10.710900166666667
20,27,11.693125333333333
20,28,12.524537666666667
20,29,14.461586666666667
20,30,18.738071333333334
20,31,35.917707
21,0,0.11002176333333334
21,1,1.208758685
21,2,1.3395461333333334
21,3,1.5268149
21,4,1.6980277883333332
21,5,1.84089235
21,6,2.000462283333333
21,7,2.229221916666667
21,8,2.409876016666667
21,9,2.5948618666666667
21,10,2.679798133333333
21,11,2.7363144333333334
21,12,2.952853183333333
21,13,3.2572121166666665
21,14,3.3967815666666668
21,15,3.5721639
21,16,4.0583731
21,17,4.660153
21,18,5.138986633333333
21,19,5.44407455
21,20,5.809764816666667
21,21,6.835717866666666
21,22,7.518591666666667
21,23,8.3955536
21,24,9.13759775
21,25,9.931272166666666
21,26,10.984026666666667
21,27,12.1644265
21,28,13.0477415
21,29,15.135078416666667
21,30,19.35500083333333
21,31,35.86821533333333
22,0,0.11140415866666666
22,1,1.0188298233333335
22,2,1.1039783283333333
22,3,1.2599969566666667
22,4,1.4130901433333332
22,5,1.5605491833333334
22,6,1.724923995
22,7,2.000595683333333
22,8,2.2198275333333335
22,9,2.3523674666666667
22,10,2.4287516
22,11,2.5947028333333333
22,12,2.7971055333333332
22,13,2.9079481166666667
22,14,3.019512983333333
22,15,3.2034644833333332
22,16,3.7133388833333334
22,17,4.193255783333334
22,18,4.5996436
22,19,4.894604133333334
22,20,5.2097350166666665
22,21,6.1156444500000005
22,22,6.695480183333333
22,23,7.421844916666667
22,24,8.027174266666668
22,25,8.76532675
22,26,9.580925299999999
22,27,10.579588333333334
22,28,11.294205
22,29,13.15252575
22,30,16.65416383333333
22,31,28.229827666666665
23,0,0.03823632666666667
23,1,0.29793623483333337
23,2,0.33626385166666667
23,3,0.41016910166666665
23,4,0.47334973333333336
23,5,0.535960365
23,6,0.5917299933333333
23,7,0.69028363
23,8,0.8172840950000001
23,9,0.976151275
23,10,1.0976736483333334
23,11,1.2313781433333333
23,12,1.43328645
23,13,1.6129554333333331
23,14,1.8249306833333332
23,15,2.0283323666666666
23,16,2.3912675666666665
23,17,2.78953265
23,18,3.1207708166666666
23,19,3.384445983333334
23,20,3.6313512833333337
23,21,4.3101941833333335
23,22,4.717430283333333
23,23,5.31683165
23,24,5.727048716666666
23,25,6.227869233333333
23,26,6.753423633333333
23,27,7.438726333333332
23,28,7.964178333333333
23,29,9.160759216666667
23,30,11.65859075
23,31,22.677674333333332
24,0,0.11127250333333333
24,1,1.2660300883333333
24,2,1.361860475
24,3,1.53285731
24,4,1.7233566
24,5,1.8583663166666666
24,6,2.0192286
24,7,2.250504933333333
24,8,2.4151887166666666
24,9,2.5562759
24,10,2.648723383333333
24,11,2.7277620499999995
24,12,2.9893094
24,13,3.2453678
24,14,3.3795645333333333
24,15,3.59641985
24,16,4.126351816666666
24,17,4.639940916666666
24,18,5.104012216666667
24,19,5.401926416666666
24,20,5.7818690833333335
24,21,6.6835731
24,22,7.346639766666667
24,23,8.195566766666667
24,24,8.87433475
24,25,9.684814783333334
24,26,10.726913166666668
24,27,11.775709916666665
24,28,12.775464166666666
24,29,14.833458333333333
24,30,19.311139166666667
24,31,36.677136
25,0,0.120350792
25,1,0.636792135
25,2,0.7520303916666666
25,3,0.990954705
25,4,1.1763698666666667
25,5,1.3787591166666668
25,6,1.5350603833333334
25,7,1.8063529333333335
25,8,2.0275785166666664
25,9,2.1902332833333333
25,10,2.304976283333333
25,11,2.4097342
25,12,2.670378733333333
25,13,2.9388780333333333
25,14,3.1230775000000004
25,15,3.3266039333333333
25,16,3.957940916666667
25,17,4.477666633333333
25,18,4.971286216666667
25,19,5.325250916666667
25,20,5.7036653
25,21,6.717227833333333
25,22,7.388259333333333
25,23,8.219790883333333
25,24,8.920666833333334
25,25,9.777343116666666
25,26,10.813229083333333
25,27,11.870203583333334
25,28,12.815575833333334
25,29,14.950710166666667
25,30,19.7596045
25,31,40.3711705
26,0,0.11319956599999999
26,1,1.2231449716666667
26,2,1.309880145
26,3,1.4872052733333334
26,4,1.66502877
26,5,1.8080390733333334
26,6,1.9302133899999998
26,7,2.164908233333333
26,8,2.380218333333333
26,9,2.54512705
26,10,2.6500310833333334
26,11,2.7124603666666665
26,12,2.9205311833333334
26,13,3.1311843833333337
26,14,3.2394777833333332
26,15,3.433170516666667
26,16,3.965804933333333
26,17,4.527963450000001
26,18,5.02970115
26,19,5.326167183333333
26,20,5.686030183333333
26,21,6.641684933333333
26,22,7.25916565
26,23,8.03746125
26,24,8.72987645
26,25,9.541082000000001
26,26,10.591310416666667
26,27,11.608033333333333
26,28,12.567048333333332
26,29,14.617804166666666
26,30,19.345097166666665
26,31,36.54219916666667
27,0,0.117827937
27,1,1.1101287066666667
27,2,1.1889364766666668
27,3,1.3613394333333335
27,4,1.5029298749999997
27,5,1.6590464566666665
27,6,1.8422968833333335
27,7,2.0562234333333334
27,8,2.3015735999999998
27,9,2.4336959666666664
27,10,2.529122566666667
27,11,2.5805719333333337
27,12,2.862311516666667
27,13,3.0672643166666673
27,14,3.2103594333333336
27,15,3.3931838333333335
27,16,4.006314116666666
27,17,4.5502617
27,18,4.997175883333333
27,19,5.311523866666667
27,20,5.681290433333333
27,21,6.62614085
27,22,7.264763266666667
27,23,8.050860566666666
27,24,8.717212183333332
27,25,9.535424633333333
27,26,10.466120416666667
27,27,11.412662500000001
27,28,12.242178166666667
27,29,13.951283833333333
27,30,17.6419975
27,31,32.5494115
28,0,0.12057904666666668
28,1,1.1977603266666665
28,2,1.3064188033333333
28,3,1.4816179833333336
28,4,1.6468981333333332
28,5,1.7942536066666666
28,6,1.9380709416666668
28,7,2.184484466666667
28,8,2.3795522333333334
28,9,2.533967683333333
28,10,2.6281098666666667
28,11,2.687224
28,12,2.940950966666667
28,13,3.141557683333333
28,14,3.2955480666666666
28,15,3.4824908166666666
28,16,4.0511032
28,17,4.602916483333334
28,18,5.071798883333333
28,19,5.392536733333333
28,20,5.769954416666667
28,21,6.799291449999999
28,22,7.450927616666667
28,23,8.211437066666667
28,24,8.9255744
28,25,9.69844935
28,26,10.681028166666666
28,27,11.676716999999998
28,28,12.563489833333334
28,29,14.690777500000001
28,30,18.80022
28,31,35.1898905
29,0,0.11298192683333334
29,1,1.0418579399999999
29,2,1.15205114
29,3,1.3094611133333334
29,4,1.484088975
29,5,1.66073509
29,6,1.8214040333333334
29,7,2.0489344666666667
29,8,2.2711756333333333
29,9,2.433852583333333
29,10,2.54553395
29,11,2.6228501333333334
29,12,2.8773168666666664
29,13,3.0895001333333334
29,14,3.2307390166666665
29,15,3.40808795
29,16,3.9741918333333337
29,17,4.5511067
29,18,5.016441283333333
29,19,5.321424183333334
29,20,5.701845466666668
29,21,6.693774433333334
29,22,7.345805783333334
29,23,8.117501599999999
29,24,8.847561566666666
29,25,9.642216416666667
29,26,10.591781166666665
29,27,11.6564405
29,28,12.542853
29,29,14.456740000000002
29,30,18.868645666666666
29,31,36.04177883333333
30,0,0.12297393733333334
30,1,1.0584086533333334
30,2,1.1635311216666666
30,3,1.3627800566666668
30,4,1.5448335333333334
30,5,1.6776830166666665
30,6,1.8413714500000002
30,7,2.06681345
30,8,2.2789989333333334
30,9,2.4336536333333334
30,10,2.5265706
30,11,2.59960115
30,12,2.907287116666667
30,13,3.0920781500000003
30,14,3.296244983333333
30,15,3.500265133333333
30,16,4.095617866666667
30,17,4.689211816666667
30,18,5.2223648166666665
30,19,5.549171033333334
30,20,5.940469283333333
30,21,6.960868083333334
30,22,7.60456545
30,23,8.460262
30,24,9.246162883333334
30,25,10.077903166666667
30,26,11.134681583333332
30,27,12.331378
30,28,13.308756500000001
30,29,15.458598166666667
30,30,19.8024265
30,31,37.7693085
31,0,0.11389420916666666
31,1,1.0411319983333334
31,2,1.1451424583333334
31,3,1.3360066833333333
31,4,1.5146595999999999
31,5,1.6444900716666666
31,6,1.81720525
31,7,2.0776249166666667
31,8,2.2708430333333336
31,9,2.402845016666667
31,10,2.4810218833333333
31,11,2.5794685833333335
31,12,2.858613383333333
31,13,3.0694923000000003
31,14,3.2631601333333333
31,15,3.490481733333333
31,16,4.0239380166666665
31,17,4.548172
31,18,5.057603933333334
31,19,5.37031495
31,20,5.763343516666667
31,21,6.754383933333333
31,22,7.4492164999999995
31,23,8.29374745
31,24,8.9750613
31,25,9.81552745
31,26,10.740251833333334
31,27,11.761853833333333
31,28,12.677578333333335
31,29,14.608343499999998
31,30,18.681627
31,31,34.4506155
