classifier,prompt_group,pooling_rule,layer,balanced_accuracy,macro_f1,mean_classification_margin,test_samples,selected_C,permutation_sd,permutations
nearest_centroid,ipip_stems,final_token,0,1.0,1.0,0.0005045064608566463,960,,,
regularized_logistic,ipip_stems,final_token,0,1.0,1.0,,960,0.01,,
shrinkage_lda,ipip_stems,final_token,0,1.0,1.0,,960,,,
nearest_centroid_label_permutation,ipip_stems,final_token,0,0.0303125,,,960,,0.030121822965252284,100.0
nearest_centroid,ipip_stems,final_token,1,1.0,1.0,0.0013351230882108212,960,,,
nearest_centroid,ipip_stems,final_token,2,0.9989583333333334,0.9989580439010837,0.003992985002696514,960,,,
nearest_centroid,ipip_stems,final_token,3,0.9927083333333333,0.9926673685963827,0.0073388246819376945,960,,,
nearest_centroid,ipip_stems,final_token,4,0.9697916666666668,0.9699885701816764,0.012379547581076622,960,,,
nearest_centroid,ipip_stems,final_token,5,0.9,0.9011155031663057,0.014673689380288124,960,,,
nearest_centroid,ipip_stems,final_token,6,0.8364583333333333,0.8387878851507174,0.016670260578393936,960,,,
nearest_centroid,ipip_stems,final_token,7,0.7927083333333333,0.7994784829093646,0.022104067727923393,960,,,
nearest_centroid,ipip_stems,final_token,8,0.7770833333333333,0.783051507382541,0.026278803125023842,960,,,
regularized_logistic,ipip_stems,final_token,8,0.8729166666666667,0.873269963355092,,960,0.1,,
shrinkage_lda,ipip_stems,final_token,8,0.8572916666666668,0.8578479273522577,,960,,,
nearest_centroid_label_permutation,ipip_stems,final_token,8,0.033427083333333336,,,960,,0.02461557516692655,100.0
nearest_centroid,ipip_stems,final_token,9,0.76875,0.7775523997394056,0.03511707857251167,960,,,
nearest_centroid,ipip_stems,final_token,10,0.8010416666666667,0.8071337334904173,0.03868788108229637,960,,,
nearest_centroid,ipip_stems,final_token,11,0.771875,0.7767161687863031,0.043010830879211426,960,,,
nearest_centroid,ipip_stems,final_token,12,0.7749999999999999,0.7799469419539602,0.053156327456235886,960,,,
nearest_centroid,ipip_stems,final_token,13,0.7614583333333333,0.7665024818053617,0.0652608796954155,960,,,
nearest_centroid,ipip_stems,final_token,14,0.7260416666666667,0.7355241947994728,0.07086876034736633,960,,,
nearest_centroid,ipip_stems,final_token,15,0.746875,0.7556782810922676,0.0895356684923172,960,,,
nearest_centroid,ipip_stems,final_token,16,0.746875,0.7570279266088469,0.11487952619791031,960,,,
regularized_logistic,ipip_stems,final_token,16,0.8729166666666667,0.8770164888994089,,960,0.01,,
shrinkage_lda,ipip_stems,final_token,16,0.8656250000000001,0.8703497368125839,,960,,,
nearest_centroid_label_permutation,ipip_stems,final_token,16,0.03348958333333333,,,960,,0.022930097863306936,100.0
nearest_centroid,ipip_stems,final_token,17,0.7677083333333333,0.7781991841708201,0.15281414985656738,960,,,
nearest_centroid,ipip_stems,final_token,18,0.7427083333333333,0.7535833766686786,0.17733512818813324,960,,,
nearest_centroid,ipip_stems,final_token,19,0.7364583333333333,0.7437161236362098,0.2072543203830719,960,,,
nearest_centroid,ipip_stems,final_token,20,0.765625,0.7764317431638958,0.25287067890167236,960,,,
nearest_centroid,ipip_stems,final_token,21,0.7916666666666666,0.7965635300777848,0.34240347146987915,960,,,
nearest_centroid,ipip_stems,final_token,22,0.825,0.8306747408452193,0.47028395533561707,960,,,
nearest_centroid,ipip_stems,final_token,23,0.8447916666666667,0.8491004736676916,0.6121456623077393,960,,,
nearest_centroid,ipip_stems,final_token,24,0.8697916666666667,0.8741822447364214,0.7953094840049744,960,,,
regularized_logistic,ipip_stems,final_token,24,0.9458333333333333,0.9470203666349041,,960,0.1,,
shrinkage_lda,ipip_stems,final_token,24,0.9385416666666666,0.9397979954357865,,960,,,
nearest_centroid_label_permutation,ipip_stems,final_token,24,0.034520833333333334,,,960,,0.03379145473628569,100.0
nearest_centroid,ipip_stems,final_token,25,0.8979166666666667,0.9002940423557576,1.022455096244812,960,,,
nearest_centroid,ipip_stems,final_token,26,0.921875,0.923271027005949,1.3536169528961182,960,,,
nearest_centroid,ipip_stems,final_token,27,0.9302083333333334,0.9321592730116046,1.7796440124511719,960,,,
nearest_centroid,ipip_stems,final_token,28,0.9489583333333333,0.9492706637146422,2.4412007331848145,960,,,
nearest_centroid,ipip_stems,final_token,29,0.95625,0.9563677648114278,3.408172845840454,960,,,
nearest_centroid,ipip_stems,final_token,30,0.965625,0.9660519142073887,5.7152934074401855,960,,,
nearest_centroid,ipip_stems,final_token,31,0.7375,0.7490685408507969,11.928655624389648,960,,,
regularized_logistic,ipip_stems,final_token,31,0.99375,0.9937978403499179,,960,0.1,,
shrinkage_lda,ipip_stems,final_token,31,0.9958333333333333,0.9958809656121409,,960,,,
nearest_centroid_label_permutation,ipip_stems,final_token,31,0.03278125,,,960,,0.02340226749979464,100.0
nearest_centroid,ipip_stems,mean_tokens,0,0.9979166666666667,0.9979326134499726,0.0002525385352782905,960,,,
regularized_logistic,ipip_stems,mean_tokens,0,0.9989583333333334,0.9989580439010837,,960,0.01,,
shrinkage_lda,ipip_stems,mean_tokens,0,0.9989583333333334,0.9989580439010837,,960,,,
nearest_centroid_label_permutation,ipip_stems,mean_tokens,0,0.029697916666666668,,,960,,0.03129631810468641,100.0
nearest_centroid,ipip_stems,mean_tokens,1,1.0,1.0,0.010850006714463234,960,,,
nearest_centroid,ipip_stems,mean_tokens,2,1.0,1.0,0.012060058303177357,960,,,
nearest_centroid,ipip_stems,mean_tokens,3,1.0,1.0,0.013692576438188553,960,,,
nearest_centroid,ipip_stems,mean_tokens,4,1.0,1.0,0.01600733771920204,960,,,
nearest_centroid,ipip_stems,mean_tokens,5,1.0,1.0,0.01784585602581501,960,,,
nearest_centroid,ipip_stems,mean_tokens,6,0.9916666666666667,0.9916814557209739,0.019962076097726822,960,,,
nearest_centroid,ipip_stems,mean_tokens,7,0.9833333333333334,0.9833365257564993,0.02326168306171894,960,,,
nearest_centroid,ipip_stems,mean_tokens,8,0.9885416666666667,0.988570663979087,0.028905708342790604,960,,,
regularized_logistic,ipip_stems,mean_tokens,8,0.9947916666666667,0.99477195533242,,960,0.01,,
shrinkage_lda,ipip_stems,mean_tokens,8,0.99375,0.9937282607083107,,960,,,
nearest_centroid_label_permutation,ipip_stems,mean_tokens,8,0.029802083333333337,,,960,,0.027816945259614485,100.0
nearest_centroid,ipip_stems,mean_tokens,9,0.9760416666666667,0.9764711456507335,0.031427931040525436,960,,,
nearest_centroid,ipip_stems,mean_tokens,10,0.9885416666666667,0.9886763989019685,0.03355000540614128,960,,,
nearest_centroid,ipip_stems,mean_tokens,11,0.9927083333333333,0.992753358790199,0.037212174385786057,960,,,
nearest_centroid,ipip_stems,mean_tokens,12,0.9854166666666667,0.9855667368795079,0.038720179349184036,960,,,
nearest_centroid,ipip_stems,mean_tokens,13,0.9760416666666667,0.9761481762730764,0.04134707897901535,960,,,
nearest_centroid,ipip_stems,mean_tokens,14,0.9625000000000001,0.9630829753619969,0.040598802268505096,960,,,
nearest_centroid,ipip_stems,mean_tokens,15,0.9520833333333334,0.9521314569710231,0.04683077335357666,960,,,
nearest_centroid,ipip_stems,mean_tokens,16,0.9281250000000001,0.9285011266867361,0.05097253993153572,960,,,
regularized_logistic,ipip_stems,mean_tokens,16,0.9822916666666667,0.9822537297403626,,960,0.01,,
shrinkage_lda,ipip_stems,mean_tokens,16,0.9864583333333334,0.9864502234352578,,960,,,
nearest_centroid_label_permutation,ipip_stems,mean_tokens,16,0.029145833333333336,,,960,,0.027888659769698506,100.0
nearest_centroid,ipip_stems,mean_tokens,17,0.921875,0.9224856591800614,0.059066787362098694,960,,,
nearest_centroid,ipip_stems,mean_tokens,18,0.890625,0.8929199446905933,0.06394827365875244,960,,,
nearest_centroid,ipip_stems,mean_tokens,19,0.8833333333333333,0.8843404670434079,0.06912817806005478,960,,,
nearest_centroid,ipip_stems,mean_tokens,20,0.8583333333333334,0.8616605170205158,0.0795740932226181,960,,,
nearest_centroid,ipip_stems,mean_tokens,21,0.8604166666666667,0.8641089644415528,0.10685870051383972,960,,,
nearest_centroid,ipip_stems,mean_tokens,22,0.8666666666666667,0.8673547731266958,0.12734416127204895,960,,,
nearest_centroid,ipip_stems,mean_tokens,23,0.8687500000000001,0.8718836179517868,0.1571466028690338,960,,,
nearest_centroid,ipip_stems,mean_tokens,24,0.875,0.8763606841368241,0.19349969923496246,960,,,
regularized_logistic,ipip_stems,mean_tokens,24,0.9239583333333334,0.9254905281612341,,960,0.01,,
shrinkage_lda,ipip_stems,mean_tokens,24,0.9281250000000001,0.9292141366958235,,960,,,
nearest_centroid_label_permutation,ipip_stems,mean_tokens,24,0.027645833333333328,,,960,,0.02278819100555276,100.0
nearest_centroid,ipip_stems,mean_tokens,25,0.8916666666666666,0.8940723031214195,0.2470177710056305,960,,,
nearest_centroid,ipip_stems,mean_tokens,26,0.909375,0.9103790086570509,0.31466713547706604,960,,,
nearest_centroid,ipip_stems,mean_tokens,27,0.9281250000000001,0.9285949991851628,0.40394994616508484,960,,,
nearest_centroid,ipip_stems,mean_tokens,28,0.9416666666666667,0.9422493235912346,0.5534301996231079,960,,,
nearest_centroid,ipip_stems,mean_tokens,29,0.971875,0.971964685856019,0.8725522756576538,960,,,
nearest_centroid,ipip_stems,mean_tokens,30,0.9822916666666668,0.982372249510047,1.6612383127212524,960,,,
nearest_centroid,ipip_stems,mean_tokens,31,0.93125,0.9321914878292517,6.594316482543945,960,,,
regularized_logistic,ipip_stems,mean_tokens,31,1.0,1.0,,960,0.01,,
shrinkage_lda,ipip_stems,mean_tokens,31,1.0,1.0,,960,,,
nearest_centroid_label_permutation,ipip_stems,mean_tokens,31,0.03233333333333333,,,960,,0.028881011880164835,100.0
nearest_centroid,neutral_controls,final_token,0,0.7234375,0.7543531030237527,0.00014498540258500725,1920,,,
regularized_logistic,neutral_controls,final_token,0,1.0,1.0,,1920,0.01,,
shrinkage_lda,neutral_controls,final_token,0,1.0,1.0,,1920,,,
nearest_centroid_label_permutation,neutral_controls,final_token,0,0.025520833333333326,,,1920,,0.02009485427672412,100.0
nearest_centroid,neutral_controls,final_token,1,0.7541666666666667,0.7642281634785443,0.0004271469369996339,1920,,,
nearest_centroid,neutral_controls,final_token,2,0.70625,0.739046799721689,0.0011794177116826177,1920,,,
nearest_centroid,neutral_controls,final_token,3,0.7046875,0.7345131739574856,0.002544678747653961,1920,,,
nearest_centroid,neutral_controls,final_token,4,0.6697916666666667,0.7084503249241452,0.004610544070601463,1920,,,
nearest_centroid,neutral_controls,final_token,5,0.646875,0.6798579682343987,0.0064040557481348515,1920,,,
nearest_centroid,neutral_controls,final_token,6,0.6609375,0.6716408882750281,0.007119675632566214,1920,,,
nearest_centroid,neutral_controls,final_token,7,0.6390625000000001,0.6538515804832554,0.010560084134340286,1920,,,
nearest_centroid,neutral_controls,final_token,8,0.64375,0.6522318668593703,0.013122782111167908,1920,,,
regularized_logistic,neutral_controls,final_token,8,0.9604166666666667,0.9604530721903131,,1920,1.0,,
shrinkage_lda,neutral_controls,final_token,8,0.9322916666666666,0.9325447682405916,,1920,,,
nearest_centroid_label_permutation,neutral_controls,final_token,8,0.033296875,,,1920,,0.020245516559357246,100.0
nearest_centroid,neutral_controls,final_token,9,0.584375,0.6033643192222709,0.016880322247743607,1920,,,
nearest_centroid,neutral_controls,final_token,10,0.5979166666666668,0.608935456509856,0.020183712244033813,1920,,,
nearest_centroid,neutral_controls,final_token,11,0.5630208333333333,0.5758413518129202,0.02209905907511711,1920,,,
nearest_centroid,neutral_controls,final_token,12,0.5578124999999999,0.575150718424219,0.02682466059923172,1920,,,
nearest_centroid,neutral_controls,final_token,13,0.5848958333333334,0.6026041870785432,0.03301573544740677,1920,,,
nearest_centroid,neutral_controls,final_token,14,0.5401041666666667,0.5596990743108481,0.03867444768548012,1920,,,
nearest_centroid,neutral_controls,final_token,15,0.5260416666666667,0.5359110299506609,0.04701375216245651,1920,,,
nearest_centroid,neutral_controls,final_token,16,0.5203125,0.5314700905947096,0.06216986104846001,1920,,,
regularized_logistic,neutral_controls,final_token,16,0.9536458333333333,0.9538672011603194,,1920,0.1,,
shrinkage_lda,neutral_controls,final_token,16,0.9343750000000001,0.9345825378558399,,1920,,,
nearest_centroid_label_permutation,neutral_controls,final_token,16,0.032864583333333336,,,1920,,0.018048434426372155,100.0
nearest_centroid,neutral_controls,final_token,17,0.5229166666666667,0.5488067469681235,0.09331407397985458,1920,,,
nearest_centroid,neutral_controls,final_token,18,0.48020833333333335,0.5065226033148084,0.11343134194612503,1920,,,
nearest_centroid,neutral_controls,final_token,19,0.4520833333333334,0.48207037189931545,0.13101021945476532,1920,,,
nearest_centroid,neutral_controls,final_token,20,0.46562499999999996,0.49475250079743116,0.16127553582191467,1920,,,
nearest_centroid,neutral_controls,final_token,21,0.4447916666666667,0.47333153463967914,0.23246723413467407,1920,,,
nearest_centroid,neutral_controls,final_token,22,0.4682291666666667,0.49296807457322417,0.29098621010780334,1920,,,
nearest_centroid,neutral_controls,final_token,23,0.5015625,0.5244486543919408,0.3553195893764496,1920,,,
nearest_centroid,neutral_controls,final_token,24,0.5015625,0.5313645010861091,0.4234923720359802,1920,,,
regularized_logistic,neutral_controls,final_token,24,0.9723958333333333,0.9725623493875029,,1920,0.1,,
shrinkage_lda,neutral_controls,final_token,24,0.9546874999999999,0.9556000821816124,,1920,,,
nearest_centroid_label_permutation,neutral_controls,final_token,24,0.032260416666666666,,,1920,,0.016329403359048367,100.0
nearest_centroid,neutral_controls,final_token,25,0.5083333333333333,0.5412548848639938,0.4966702461242676,1920,,,
nearest_centroid,neutral_controls,final_token,26,0.55,0.5822599568925294,0.6358127593994141,1920,,,
nearest_centroid,neutral_controls,final_token,27,0.5916666666666667,0.6168075427863622,0.810842752456665,1920,,,
nearest_centroid,neutral_controls,final_token,28,0.6161458333333334,0.6500270550850371,1.0396784543991089,1920,,,
nearest_centroid,neutral_controls,final_token,29,0.6729166666666667,0.6960789310435436,1.4889122247695923,1920,,,
nearest_centroid,neutral_controls,final_token,30,0.7390625,0.7631035302193367,2.64849591255188,1920,,,
nearest_centroid,neutral_controls,final_token,31,0.4078125,0.4340217223131516,6.307027816772461,1920,,,
regularized_logistic,neutral_controls,final_token,31,0.9979166666666667,0.9979164152451389,,1920,0.1,,
shrinkage_lda,neutral_controls,final_token,31,0.996875,0.9968747124069788,,1920,,,
nearest_centroid_label_permutation,neutral_controls,final_token,31,0.030411458333333335,,,1920,,0.012501930189516404,100.0
nearest_centroid,neutral_controls,mean_tokens,0,1.0,1.0,0.00014439581718761474,1920,,,
regularized_logistic,neutral_controls,mean_tokens,0,1.0,1.0,,1920,0.01,,
shrinkage_lda,neutral_controls,mean_tokens,0,1.0,1.0,,1920,,,
nearest_centroid_label_permutation,neutral_controls,mean_tokens,0,0.0325,,,1920,,0.02961998902768196,100.0
nearest_centroid,neutral_controls,mean_tokens,1,1.0,1.0,0.0036654770374298096,1920,,,
nearest_centroid,neutral_controls,mean_tokens,2,1.0,1.0,0.004229632671922445,1920,,,
nearest_centroid,neutral_controls,mean_tokens,3,1.0,1.0,0.005363607779145241,1920,,,
nearest_centroid,neutral_controls,mean_tokens,4,0.9989583333333334,0.9989624948339992,0.007111670915037394,1920,,,
nearest_centroid,neutral_controls,mean_tokens,5,0.99375,0.9937498211135422,0.008283715695142746,1920,,,
nearest_centroid,neutral_controls,mean_tokens,6,0.9932291666666667,0.99328642639309,0.009267270565032959,1920,,,
nearest_centroid,neutral_controls,mean_tokens,7,0.9786458333333333,0.9791073700842736,0.011862751096487045,1920,,,
nearest_centroid,neutral_controls,mean_tokens,8,0.9807291666666667,0.9812235872682002,0.014736289158463478,1920,,,
regularized_logistic,neutral_controls,mean_tokens,8,1.0,1.0,,1920,0.01,,
shrinkage_lda,neutral_controls,mean_tokens,8,1.0,1.0,,1920,,,
nearest_centroid_label_permutation,neutral_controls,mean_tokens,8,0.030515624999999998,,,1920,,0.03009408126548378,100.0
nearest_centroid,neutral_controls,mean_tokens,9,0.9723958333333333,0.9723791933151567,0.017550474032759666,1920,,,
nearest_centroid,neutral_controls,mean_tokens,10,0.9692708333333333,0.9693794048399653,0.018508946523070335,1920,,,
nearest_centroid,neutral_controls,mean_tokens,11,0.9520833333333334,0.9530525741559004,0.019651753827929497,1920,,,
nearest_centroid,neutral_controls,mean_tokens,12,0.9692708333333333,0.9697091778865465,0.022804537788033485,1920,,,
nearest_centroid,neutral_controls,mean_tokens,13,0.9614583333333333,0.9617874721428828,0.026852494105696678,1920,,,
nearest_centroid,neutral_controls,mean_tokens,14,0.959375,0.9595473565420973,0.028467589989304543,1920,,,
nearest_centroid,neutral_controls,mean_tokens,15,0.9385416666666666,0.9389465029727779,0.03445980325341225,1920,,,
nearest_centroid,neutral_controls,mean_tokens,16,0.93125,0.9314297181488043,0.0420992448925972,1920,,,
regularized_logistic,neutral_controls,mean_tokens,16,0.9994791666666667,0.9994791304951733,,1920,0.01,,
shrinkage_lda,neutral_controls,mean_tokens,16,1.0,1.0,,1920,,,
nearest_centroid_label_permutation,neutral_controls,mean_tokens,16,0.031546874999999995,,,1920,,0.03213142828774911,100.0
nearest_centroid,neutral_controls,mean_tokens,17,0.9005208333333334,0.9049066831647872,0.05650404840707779,1920,,,
nearest_centroid,neutral_controls,mean_tokens,18,0.8749999999999999,0.8783673394454206,0.06381913274526596,1920,,,
nearest_centroid,neutral_controls,mean_tokens,19,0.8473958333333333,0.8530670819124169,0.0679810494184494,1920,,,
nearest_centroid,neutral_controls,mean_tokens,20,0.8505208333333333,0.8548509697592793,0.07522089034318924,1920,,,
nearest_centroid,neutral_controls,mean_tokens,21,0.8520833333333333,0.8563239365634157,0.11147136986255646,1920,,,
nearest_centroid,neutral_controls,mean_tokens,22,0.8630208333333333,0.8651943209778925,0.13483667373657227,1920,,,
nearest_centroid,neutral_controls,mean_tokens,23,0.8473958333333333,0.8517109152737441,0.16199709475040436,1920,,,
nearest_centroid,neutral_controls,mean_tokens,24,0.8755208333333334,0.8782024073561958,0.19063334167003632,1920,,,
regularized_logistic,neutral_controls,mean_tokens,24,1.0,1.0,,1920,1.0,,
shrinkage_lda,neutral_controls,mean_tokens,24,0.9994791666666667,0.9994791304951733,,1920,,,
nearest_centroid_label_permutation,neutral_controls,mean_tokens,24,0.030031250000000002,,,1920,,0.02585340492095663,100.0
nearest_centroid,neutral_controls,mean_tokens,25,0.8927083333333333,0.8952445325285676,0.22870296239852905,1920,,,
nearest_centroid,neutral_controls,mean_tokens,26,0.8999999999999999,0.9019617398181062,0.2847088575363159,1920,,,
nearest_centroid,neutral_controls,mean_tokens,27,0.9177083333333333,0.9192059111544659,0.35743820667266846,1920,,,
nearest_centroid,neutral_controls,mean_tokens,28,0.9380208333333333,0.9386466860735629,0.4653591811656952,1920,,,
nearest_centroid,neutral_controls,mean_tokens,29,0.9447916666666667,0.9460464729061984,0.6632250547409058,1920,,,
nearest_centroid,neutral_controls,mean_tokens,30,0.9578125,0.9595002318268453,1.1537895202636719,1920,,,
nearest_centroid,neutral_controls,mean_tokens,31,0.9567708333333333,0.9575808945697972,4.0159912109375,1920,,,
regularized_logistic,neutral_controls,mean_tokens,31,1.0,1.0,,1920,0.01,,
shrinkage_lda,neutral_controls,mean_tokens,31,1.0,1.0,,1920,,,
nearest_centroid_label_permutation,neutral_controls,mean_tokens,31,0.03249479166666667,,,1920,,0.030704076533177284,100.0
nearest_centroid,naturalistic_behavioral,final_token,0,0.9151475694444444,0.9176601475301944,6.91839522914961e-05,4608,,,
regularized_logistic,naturalistic_behavioral,final_token,0,0.9997829861111112,0.9997829834946892,,4608,0.01,,
shrinkage_lda,naturalistic_behavioral,final_token,0,0.9856770833333334,0.9856979588847818,,4608,,,
nearest_centroid_label_permutation,naturalistic_behavioral,final_token,0,0.03007378472222222,,,4608,,0.02877020133826189,100.0
nearest_centroid,naturalistic_behavioral,final_token,1,0.9116753472222222,0.912140483202041,0.0002492304192855954,4608,,,
nearest_centroid,naturalistic_behavioral,final_token,2,0.859375,0.8585807983804966,0.0005319584161043167,4608,,,
nearest_centroid,naturalistic_behavioral,final_token,3,0.8174913194444444,0.8188470968461417,0.0014462691033259034,4608,,,
nearest_centroid,naturalistic_behavioral,final_token,4,0.7938368055555556,0.7936111903249538,0.0025845642667263746,4608,,,
nearest_centroid,naturalistic_behavioral,final_token,5,0.7664930555555556,0.7679015464947648,0.003933658357709646,4608,,,
nearest_centroid,naturalistic_behavioral,final_token,6,0.7081163194444444,0.7117425932869668,0.005041655618697405,4608,,,
nearest_centroid,naturalistic_behavioral,final_token,7,0.7044270833333333,0.7065667964592828,0.007135672494769096,4608,,,
nearest_centroid,naturalistic_behavioral,final_token,8,0.7065972222222222,0.706107955981671,0.008897612802684307,4608,,,
regularized_logistic,naturalistic_behavioral,final_token,8,0.8995225694444444,0.8995086734644908,,4608,0.1,,
shrinkage_lda,naturalistic_behavioral,final_token,8,0.8754340277777778,0.8751395009495196,,4608,,,
nearest_centroid_label_permutation,naturalistic_behavioral,final_token,8,0.03212890625,,,4608,,0.020239878616568417,100.0
nearest_centroid,naturalistic_behavioral,final_token,9,0.7367621527777778,0.7364018253522673,0.01381189189851284,4608,,,
nearest_centroid,naturalistic_behavioral,final_token,10,0.7024739583333334,0.7008502601671835,0.015832828357815742,4608,,,
nearest_centroid,naturalistic_behavioral,final_token,11,0.6688368055555556,0.6678337464909222,0.016931844875216484,4608,,,
nearest_centroid,naturalistic_behavioral,final_token,12,0.6558159722222222,0.6559292743248223,0.019764535129070282,4608,,,
nearest_centroid,naturalistic_behavioral,final_token,13,0.6482204861111112,0.6474675181892249,0.027144955471158028,4608,,,
nearest_centroid,naturalistic_behavioral,final_token,14,0.6195746527777778,0.6188170181141579,0.028520571067929268,4608,,,
nearest_centroid,naturalistic_behavioral,final_token,15,0.6111111111111112,0.6116013830452667,0.035462599247694016,4608,,,
nearest_centroid,naturalistic_behavioral,final_token,16,0.6143663194444444,0.6171172081495192,0.044692263007164,4608,,,
regularized_logistic,naturalistic_behavioral,final_token,16,0.8307291666666666,0.8303014458747093,,4608,0.01,,
shrinkage_lda,naturalistic_behavioral,final_token,16,0.8229166666666666,0.8225768256535614,,4608,,,
nearest_centroid_label_permutation,naturalistic_behavioral,final_token,16,0.03218098958333333,,,4608,,0.020537548139214223,100.0
nearest_centroid,naturalistic_behavioral,final_token,17,0.6651475694444444,0.6690489020703687,0.0706428587436676,4608,,,
nearest_centroid,naturalistic_behavioral,final_token,18,0.6480034722222222,0.6516951138563708,0.08534650504589081,4608,,,
nearest_centroid,naturalistic_behavioral,final_token,19,0.6254340277777778,0.6293912245014892,0.09744171053171158,4608,,,
nearest_centroid,naturalistic_behavioral,final_token,20,0.6024305555555556,0.6051056274561355,0.10977266728878021,4608,,,
nearest_centroid,naturalistic_behavioral,final_token,21,0.6254340277777778,0.627023680507867,0.16303467750549316,4608,,,
nearest_centroid,naturalistic_behavioral,final_token,22,0.6271701388888888,0.6291890693954375,0.1992725282907486,4608,,,
nearest_centroid,naturalistic_behavioral,final_token,23,0.6223958333333333,0.624353408066616,0.24531899392604828,4608,,,
nearest_centroid,naturalistic_behavioral,final_token,24,0.6273871527777778,0.6280689785502569,0.287584513425827,4608,,,
regularized_logistic,naturalistic_behavioral,final_token,24,0.8752170138888888,0.8755366231797084,,4608,0.1,,
shrinkage_lda,naturalistic_behavioral,final_token,24,0.853298611111111,0.853944297256449,,4608,,,
nearest_centroid_label_permutation,naturalistic_behavioral,final_token,24,0.02985677083333333,,,4608,,0.018124081721130877,100.0
nearest_centroid,naturalistic_behavioral,final_token,25,0.6408420138888888,0.6425400714660585,0.3543541729450226,4608,,,
nearest_centroid,naturalistic_behavioral,final_token,26,0.6742621527777778,0.6760585544249537,0.4527955651283264,4608,,,
nearest_centroid,naturalistic_behavioral,final_token,27,0.6783854166666667,0.6826947356357294,0.5648655295372009,4608,,,
nearest_centroid,naturalistic_behavioral,final_token,28,0.7191840277777777,0.7233852195707309,0.7263795733451843,4608,,,
nearest_centroid,naturalistic_behavioral,final_token,29,0.7630208333333334,0.768447491887394,1.0473461151123047,4608,,,
nearest_centroid,naturalistic_behavioral,final_token,30,0.8081597222222221,0.8103317133083373,1.7097716331481934,4608,,,
nearest_centroid,naturalistic_behavioral,final_token,31,0.4839409722222222,0.521272322240963,4.449842929840088,4608,,,
regularized_logistic,naturalistic_behavioral,final_token,31,0.9845920138888888,0.9845869085877341,,4608,0.1,,
shrinkage_lda,naturalistic_behavioral,final_token,31,0.96875,0.9687894049026065,,4608,,,
nearest_centroid_label_permutation,naturalistic_behavioral,final_token,31,0.03255859375,,,4608,,0.015546389558645455,100.0
nearest_centroid,naturalistic_behavioral,mean_tokens,0,1.0,1.0,0.00013141908857505769,4608,,,
regularized_logistic,naturalistic_behavioral,mean_tokens,0,1.0,1.0,,4608,0.01,,
shrinkage_lda,naturalistic_behavioral,mean_tokens,0,1.0,1.0,,4608,,,
nearest_centroid_label_permutation,naturalistic_behavioral,mean_tokens,0,0.0315625,,,4608,,0.030776094111339077,100.0
nearest_centroid,naturalistic_behavioral,mean_tokens,1,1.0,1.0,0.0017543456051498652,4608,,,
nearest_centroid,naturalistic_behavioral,mean_tokens,2,1.0,1.0,0.002280576853081584,4608,,,
nearest_centroid,naturalistic_behavioral,mean_tokens,3,0.9995659722222222,0.9995667127237775,0.0035621635615825653,4608,,,
nearest_centroid,naturalistic_behavioral,mean_tokens,4,0.998046875,0.998047283121301,0.005365132354199886,4608,,,
nearest_centroid,naturalistic_behavioral,mean_tokens,5,0.9986979166666666,0.9986993924369332,0.006664220243692398,4608,,,
nearest_centroid,naturalistic_behavioral,mean_tokens,6,0.9973958333333334,0.9973979452670552,0.008336585015058517,4608,,,
nearest_centroid,naturalistic_behavioral,mean_tokens,7,0.9858940972222222,0.9859825179217157,0.010403163731098175,4608,,,
nearest_centroid,naturalistic_behavioral,mean_tokens,8,0.9782986111111112,0.9788454135763671,0.01214665174484253,4608,,,
regularized_logistic,naturalistic_behavioral,mean_tokens,8,1.0,1.0,,4608,0.1,,
shrinkage_lda,naturalistic_behavioral,mean_tokens,8,0.9989149305555556,0.9989141586561794,,4608,,,
nearest_centroid_label_permutation,naturalistic_behavioral,mean_tokens,8,0.03172743055555556,,,4608,,0.03175019252092404,100.0
nearest_centroid,naturalistic_behavioral,mean_tokens,9,0.9663628472222221,0.9668163122252922,0.015072392299771309,4608,,,
nearest_centroid,naturalistic_behavioral,mean_tokens,10,0.9561631944444444,0.9562286863816458,0.01599986106157303,4608,,,
nearest_centroid,naturalistic_behavioral,mean_tokens,11,0.9520399305555555,0.953179869888294,0.01827329397201538,4608,,,
nearest_centroid,naturalistic_behavioral,mean_tokens,12,0.9318576388888888,0.9324884623035674,0.01898675411939621,4608,,,
nearest_centroid,naturalistic_behavioral,mean_tokens,13,0.9197048611111112,0.9200211218995474,0.02348887175321579,4608,,,
nearest_centroid,naturalistic_behavioral,mean_tokens,14,0.8999565972222222,0.9008739609990127,0.025362597778439522,4608,,,
nearest_centroid,naturalistic_behavioral,mean_tokens,15,0.8845486111111112,0.8861753713755078,0.030340032652020454,4608,,,
nearest_centroid,naturalistic_behavioral,mean_tokens,16,0.8446180555555556,0.8489042232648762,0.03502030298113823,4608,,,
regularized_logistic,naturalistic_behavioral,mean_tokens,16,0.9973958333333333,0.9973935203606495,,4608,0.1,,
shrinkage_lda,naturalistic_behavioral,mean_tokens,16,0.994140625,0.9941419774656663,,4608,,,
nearest_centroid_label_permutation,naturalistic_behavioral,mean_tokens,16,0.027198350694444443,,,4608,,0.025903788192627883,100.0
nearest_centroid,naturalistic_behavioral,mean_tokens,17,0.8333333333333333,0.8378240195334723,0.047637615352869034,4608,,,
nearest_centroid,naturalistic_behavioral,mean_tokens,18,0.7970920138888888,0.8025700186205922,0.05351845547556877,4608,,,
nearest_centroid,naturalistic_behavioral,mean_tokens,19,0.7673611111111112,0.7751516556695734,0.05875208601355553,4608,,,
nearest_centroid,naturalistic_behavioral,mean_tokens,20,0.7601996527777777,0.7687883069653898,0.06501897424459457,4608,,,
nearest_centroid,naturalistic_behavioral,mean_tokens,21,0.7328559027777778,0.7456452237612826,0.09820736944675446,4608,,,
nearest_centroid,naturalistic_behavioral,mean_tokens,22,0.7265625,0.7429085036731449,0.11932060122489929,4608,,,
nearest_centroid,naturalistic_behavioral,mean_tokens,23,0.7109375,0.7327233291740458,0.1535486876964569,4608,,,
nearest_centroid,naturalistic_behavioral,mean_tokens,24,0.7174479166666667,0.7427884342485891,0.18121439218521118,4608,,,
regularized_logistic,naturalistic_behavioral,mean_tokens,24,0.9982638888888888,0.9982638574910679,,4608,0.1,,
shrinkage_lda,naturalistic_behavioral,mean_tokens,24,0.9958767361111112,0.9958846273898554,,4608,,,
nearest_centroid_label_permutation,naturalistic_behavioral,mean_tokens,24,0.030045572916666666,,,4608,,0.021989287687187796,100.0
nearest_centroid,naturalistic_behavioral,mean_tokens,25,0.7296006944444445,0.755174898771969,0.22910530865192413,4608,,,
nearest_centroid,naturalistic_behavioral,mean_tokens,26,0.7599826388888888,0.7826060602872553,0.29746782779693604,4608,,,
nearest_centroid,naturalistic_behavioral,mean_tokens,27,0.7914496527777778,0.8114094988704965,0.3829819858074188,4608,,,
nearest_centroid,naturalistic_behavioral,mean_tokens,28,0.8352864583333333,0.8494480916703472,0.5090603232383728,4608,,,
nearest_centroid,naturalistic_behavioral,mean_tokens,29,0.9016927083333333,0.9075965918124387,0.8040903210639954,4608,,,
nearest_centroid,naturalistic_behavioral,mean_tokens,30,0.9711371527777777,0.9711616470732134,1.4723210334777832,4608,,,
nearest_centroid,naturalistic_behavioral,mean_tokens,31,0.9904513888888888,0.9905199124052089,3.99282169342041,4608,,,
regularized_logistic,naturalistic_behavioral,mean_tokens,31,0.9997829861111112,0.9997829834946892,,4608,0.01,,
shrinkage_lda,naturalistic_behavioral,mean_tokens,31,1.0,1.0,,4608,,,
nearest_centroid_label_permutation,naturalistic_behavioral,mean_tokens,31,0.029989149305555553,,,4608,,0.028640418900522272,100.0
