layer,target_module,mean_frobenius,median_frobenius,mean_spectral_to_frobenius,median_spectral_to_frobenius
0,down_proj,5.261112809822858,5.437142422439658,0.8376056469632748,0.8592742680872267
0,gate_proj,6.373648226638046,6.191962316475587,0.7160028644461068,0.7343255082817911
0,k_proj,1.8204256944284312,1.6893205153739834,0.8047069385016645,0.8339561499122758
0,o_proj,2.1891393612185537,2.2167929587702977,0.7910307614509697,0.8089409441735338
0,q_proj,3.6982259710853542,3.528354368766474,0.7898228219558424,0.8191087654657305
0,up_proj,5.7331489137170655,5.562380965347494,0.642078690334279,0.6559826652682296
0,v_proj,0.9657555856370467,0.9480550672389271,0.7158377999784231,0.7132249823233915
1,down_proj,4.997434716935041,4.8788807018777245,0.9796822846185661,0.9874412664862446
1,gate_proj,6.174307533510773,5.88790377035949,0.6890728673253075,0.7142733928143195
1,k_proj,0.9964803361869904,0.9177463992445317,0.5560708323972987,0.5562871900878354
1,o_proj,2.4522481843799566,2.4779065172950663,0.6856714023202917,0.6884218096427687
1,q_proj,2.202167535107879,2.140067512265115,0.6144878696459807,0.6091722092578216
1,up_proj,5.714061910826427,5.622942271891771,0.6654850052191531,0.682038075306295
1,v_proj,1.0599471656699788,1.0662953825255572,0.6351681233566739,0.6220236617310999
2,down_proj,5.154872082114501,5.300126163573967,0.8117186141993485,0.8475643261141009
2,gate_proj,6.456908870103004,6.494713258802353,0.7913249815842631,0.8137296590040155
2,k_proj,1.1850046026114431,1.1603519639042414,0.5364770525394625,0.538528008713385
2,o_proj,2.4829597575618374,2.444494067417663,0.7366577634527538,0.7394727397289295
2,q_proj,2.2949739793029926,2.2347178695722407,0.5040126159715489,0.5033374606821681
2,up_proj,5.627516844170683,5.68337740028095,0.6846746464381619,0.6901647100190036
2,v_proj,1.099778710800138,1.0614188992070168,0.7221465653855034,0.7283606177288895
3,down_proj,4.950685502375336,5.111523000214845,0.8117299158748473,0.8380652335331258
3,gate_proj,6.71831944017875,6.879079447395865,0.8029412203409977,0.8294213422326424
3,k_proj,1.1877305422152753,1.1747809327834837,0.553573882708458,0.5540576378447939
3,o_proj,2.4647964595431597,2.459918101364147,0.6469486558668437,0.6574140668752271
3,q_proj,2.2800384028935445,2.2600970598529972,0.49079642793729944,0.48803770174881944
3,up_proj,5.417420675812541,5.5769295538509,0.6553586911037294,0.67600582540101
3,v_proj,1.1169462493816271,1.0970961952407983,0.7057190805213175,0.7209607425026849
4,down_proj,4.65386265924134,4.81290897719591,0.7989930678986227,0.8358129954943609
4,gate_proj,6.54096156725544,6.610065456985917,0.7776110409491311,0.801103000546239
4,k_proj,1.224189153294408,1.1798542075422005,0.638524069574112,0.6292006444912743
4,o_proj,2.4093400615625447,2.4691127484844477,0.672992358284607,0.6684164725692122
4,q_proj,2.2719790872185617,2.214168543886994,0.5149564059929214,0.49469457243788467
4,up_proj,4.983248558727043,5.048645984049326,0.591516108322217,0.5952756949066026
4,v_proj,1.2099892190527717,1.1877375642869734,0.7393952872650656,0.7462244071371763
5,down_proj,4.46177514944386,4.452221334963971,0.7578766589285365,0.7735648734104379
5,gate_proj,6.354071955663756,6.347454763241325,0.7623102823674786,0.791865159136924
5,k_proj,1.215111069669222,1.1626280934933464,0.5563568947905327,0.5629074764438604
5,o_proj,2.320473801421357,2.3485295187423794,0.6032639109753951,0.6151788970827251
5,q_proj,2.3069853591864864,2.2778912955752255,0.5349122198264229,0.5265830767851611
5,up_proj,4.975167431024248,4.992766533590453,0.6219064160066999,0.6393093853724479
5,v_proj,1.1671964240856916,1.1518113275482713,0.7734278545714679,0.786715216429344
6,down_proj,4.320317354008597,4.406911131794799,0.7634903405770515,0.7749328228603798
6,gate_proj,6.446399758058486,6.384314575680296,0.7920832917214933,0.8129821544588915
6,k_proj,1.2283415067954848,1.1714231283778695,0.5458636149008481,0.5323082650565323
6,o_proj,2.348053238187633,2.4087117794560644,0.5827733583469527,0.5742792697714232
6,q_proj,2.314739005220401,2.3006389391223188,0.5197621656688755,0.5248135921495785
6,up_proj,4.82321908604446,4.904105191019067,0.6109816310011182,0.6097747665925138
6,v_proj,1.09145851917083,1.0823055658224638,0.6441660384765486,0.6496538524678557
7,down_proj,4.282412550330203,4.293034818392168,0.7389034177523323,0.7539260419970787
7,gate_proj,6.281773540380629,6.385205231370335,0.7678890508465434,0.7800705265113222
7,k_proj,1.2578612979797799,1.1751404887160013,0.5653514500913231,0.5525729827777134
7,o_proj,2.1778062447900997,2.2368038365478764,0.5722075607776237,0.566045791446449
7,q_proj,2.284492468945392,2.2289929889166946,0.4950352945206866,0.48748946891643335
7,up_proj,4.8188768915300635,4.807323964696644,0.620585783258473,0.6218017217424463
7,v_proj,1.0958202869628941,1.1011791875475196,0.6411905559390111,0.653456614717257
8,down_proj,4.310189906948754,4.390450151407457,0.7455284290183595,0.7531982940176147
8,gate_proj,6.505632985067093,6.610616473940031,0.7482959046393867,0.7619560727463903
8,k_proj,1.3347740488451496,1.2494663734360383,0.5767586224849882,0.5648827947148969
8,o_proj,2.258712349683675,2.3414630098084563,0.5715682473922605,0.552869606785146
8,q_proj,2.35435523978009,2.305229034920055,0.49339329130271165,0.4895386168392856
8,up_proj,4.919525240553916,4.96992168968368,0.5632771884298033,0.5704316306632247
8,v_proj,1.1417101065353272,1.1621379533067924,0.6515010696125867,0.6479629487353944
9,down_proj,4.0999769161168595,4.110782330482916,0.738630028694285,0.743939805566233
9,gate_proj,6.196755698394366,6.180002530388133,0.6624918989651781,0.6613985779376299
9,k_proj,1.4905268002624148,1.4470133199948239,0.7094901475227149,0.7236406579840544
9,o_proj,2.3317207729203187,2.4055454039061335,0.5504211727008373,0.5455179830863375
9,q_proj,2.4354282590720873,2.3549719310610024,0.5267689938465983,0.514104309483054
9,up_proj,4.818551015817945,4.812699592987855,0.48625456770126224,0.48595264153971385
9,v_proj,1.1255718182319663,1.1401834745810953,0.6728127110868894,0.6765418340752565
10,down_proj,4.097132639597411,4.091599999041336,0.7526923471380682,0.7631500013270236
10,gate_proj,5.977898371174997,5.897137055439435,0.6571571814921265,0.6656687547572471
10,k_proj,1.3616394570978714,1.2668305712777683,0.5983575921698936,0.5921800928120462
10,o_proj,2.1898024166813475,2.2115738264813043,0.5212508965168279,0.5131467570782741
10,q_proj,2.47497390701751,2.3660402169319243,0.517478689390835,0.5011444211639756
10,up_proj,4.768425176010922,4.751680824312332,0.5239395377568742,0.520996732746162
10,v_proj,1.0677451589057732,1.0794916505649086,0.559305628975524,0.5469913806183315
11,down_proj,4.044657656519936,4.065061813794889,0.7572634483493768,0.7644342940694997
11,gate_proj,5.970804968928458,5.943472052191053,0.6943277836515764,0.7053938026896618
11,k_proj,1.359402832980961,1.2921905050405376,0.5929039716970087,0.5899123337514451
11,o_proj,2.0660593794128834,2.1010320032334104,0.5696364757184269,0.549493556310032
11,q_proj,2.4004710112191407,2.3606772259235145,0.5146522742502943,0.5089898447030459
11,up_proj,4.731516760557662,4.749550359484056,0.5577614922917778,0.5651293793909928
11,v_proj,1.0746511085243011,1.0721474473740575,0.6059768801414661,0.6041547833639187
12,down_proj,3.8999984166013792,3.8744802364218844,0.7278250164655499,0.7394912087253679
12,gate_proj,5.842754429149351,5.704709952683292,0.6537623731660639,0.640129488240141
12,k_proj,1.323388533863933,1.2596204309679067,0.6005785654161073,0.6058403236928241
12,o_proj,2.091880653381303,2.1446042495008455,0.4628459762077985,0.44438233384797643
12,q_proj,2.303221026604294,2.2448167319909675,0.4986245894975365,0.5003542227469276
12,up_proj,4.72394007839213,4.7065697174098835,0.47395143786216143,0.4640918965272546
12,v_proj,1.049557444485632,1.0683639313263273,0.5509682643027144,0.5377155832059006
13,down_proj,3.932576705584107,3.9364486271455132,0.7408510238042321,0.7435512448493202
13,gate_proj,5.882822030764059,5.880176225450956,0.6348622182235735,0.6277608481626386
13,k_proj,1.4078352245007453,1.2996299659574357,0.534059629093516,0.5376552479345588
13,o_proj,2.1231206934101596,2.1353967004850753,0.49068685101495885,0.47766893577252595
13,q_proj,2.482724612402845,2.437786885545348,0.4840705769701387,0.469287017900702
13,up_proj,4.7527982602915815,4.699869591889816,0.5069034759354314,0.5056215424105092
13,v_proj,1.042854779124579,1.0374745680966724,0.5216702256808672,0.5112907820234276
14,down_proj,3.9260285546380675,3.9040418565727038,0.6972110552029139,0.7134832350266969
14,gate_proj,5.841955675187186,5.630578817984125,0.5888515258100606,0.5879881431653156
14,k_proj,1.340037905935145,1.2630140296985362,0.5751572477166875,0.560265003396943
14,o_proj,2.1524479121593467,2.1901208003280628,0.47243374527967164,0.4623912907011614
14,q_proj,2.356233987088002,2.2657190228889923,0.46933148672456093,0.44975500075472413
14,up_proj,4.742669671533539,4.718403000011814,0.5058084421080469,0.5036669114256711
14,v_proj,1.0854904489491537,1.1043880977496379,0.5353098212331447,0.5313235547832023
15,down_proj,3.9731133730327897,4.004859962814662,0.7254522928744517,0.7306824818734752
15,gate_proj,6.302336259136065,6.160920725111043,0.7142798556383205,0.7289366200657528
15,k_proj,1.3140057826323,1.3018921167738498,0.5294904911962068,0.5153689949272137
15,o_proj,2.310980812306728,2.3865309371482737,0.49348065450396356,0.479025643697958
15,q_proj,2.563467219856741,2.5319936689938785,0.5068796316710216,0.49485622880641655
15,up_proj,4.805528148714929,4.739418586553933,0.5189377554056388,0.5070219847096284
15,v_proj,1.0841916497249464,1.0940749840673956,0.5517463248378761,0.5611142243692623
16,down_proj,4.152362840823509,4.210696292185483,0.7334689427938409,0.7395321239971677
16,gate_proj,6.424759985239268,6.321499206074637,0.7461290139793915,0.7686551369476249
16,k_proj,1.2866976644942996,1.2454451936897377,0.5383448574150876,0.5323942771509125
16,o_proj,2.3512237985029056,2.444189562468802,0.5161993517963033,0.5210864582615516
16,q_proj,2.355089101709375,2.2415409825544534,0.4538361868167735,0.44313738929058255
16,up_proj,4.9354990823990885,4.886018895064545,0.5463404809672753,0.555547221084703
16,v_proj,1.082169322237812,1.0886721823927896,0.5347438767542654,0.5327173494589208
17,down_proj,4.000137742375606,3.9442799814842044,0.7010162639481616,0.7040858365718902
17,gate_proj,6.391690991732553,6.144509873963196,0.7391551987577861,0.7444334310673982
17,k_proj,1.422926695423479,1.371404003231504,0.5921544622417757,0.5844649792233764
17,o_proj,2.632116122032369,2.7127658907635666,0.5471311023862702,0.5488893840380522
17,q_proj,2.5812588571599,2.45200667904379,0.5274652863140993,0.5318549603155136
17,up_proj,4.968659966077045,4.926182257843344,0.5098970468644498,0.5013048737929722
17,v_proj,1.2396180621429087,1.2457794949963659,0.6150627839023329,0.6191417790774163
18,down_proj,4.124644408183139,4.086918262895178,0.7007851132455095,0.7168904190320702
18,gate_proj,6.295539065372862,6.2027505755487224,0.6808598430049412,0.6804084891594522
18,k_proj,1.3337295139627532,1.274155685242781,0.5498931335026587,0.5427343574268564
18,o_proj,2.5524800696544734,2.5102427546499912,0.4910993637276542,0.494702735326201
18,q_proj,2.516937511735955,2.4652532408861862,0.4637781093537814,0.44940231099522354
18,up_proj,5.026974825098263,4.991048460617297,0.5027568948372342,0.4947774001785155
18,v_proj,1.1355320426691398,1.1457950692591308,0.5240698586516704,0.5146614706042817
19,down_proj,4.15110934170193,4.191375767981448,0.6737770914874036,0.695091199623681
19,gate_proj,6.330456058162782,6.145349244954023,0.701011438576298,0.7086579010352658
19,k_proj,1.4144465441292502,1.3155197514263564,0.5712635928913706,0.5724234330064859
19,o_proj,2.63007673965577,2.578410880726646,0.4903397188180329,0.47974076901779017
19,q_proj,2.6799872149107653,2.6077054846337457,0.5201246599421651,0.5249312246645492
19,up_proj,5.07216658875509,4.999961232936698,0.5020244057078166,0.47731808262609265
19,v_proj,1.2621507261107212,1.2893510049163932,0.6665256339801076,0.669658305624315
20,down_proj,4.224792127175251,4.1600587765087305,0.682885012254518,0.6986243592433479
20,gate_proj,6.279537487291115,6.073440492479026,0.6584891941352113,0.6527380262348741
20,k_proj,1.4918891287814913,1.4470774747362198,0.6030776568734542,0.5874853790478358
20,o_proj,2.7670928639483887,2.6530037336371004,0.528308483903973,0.520333142292215
20,q_proj,2.843957927562763,2.8156496445377863,0.6245594878349167,0.6073487156842411
20,up_proj,5.174685661876642,5.17682744497913,0.4891584888265159,0.4756215981169585
20,v_proj,1.2616371589966404,1.229708091241133,0.6393798967064237,0.6330494743338712
21,down_proj,4.250454952426456,4.272601903676104,0.719804319862034,0.732433308293734
21,gate_proj,6.355812407576557,6.190367218568526,0.6852758497276403,0.6811968888735984
21,k_proj,1.389341832644715,1.3333573208854044,0.5699246521302332,0.5734718941955774
21,o_proj,2.6462718002441834,2.689118955749395,0.526257001825723,0.5151555840000193
21,q_proj,2.5147142328856202,2.46608194175418,0.5115749033846531,0.4916778351941369
21,up_proj,5.1846249338880925,5.159317616057756,0.5674161183403558,0.5635522526808607
21,v_proj,1.2178963523347184,1.2145702724717093,0.6017296455034221,0.5999234201926739
22,down_proj,4.345331663974917,4.292886014706339,0.704364237007508,0.7066031910624486
22,gate_proj,6.599261910707284,6.60281583350088,0.7310920322312334,0.7392675825885997
22,k_proj,1.4264235082743257,1.348035410364433,0.6210725730422082,0.6091518267705911
22,o_proj,2.8138415597894273,2.787119678283183,0.5628071532280114,0.5663404418499423
22,q_proj,2.649948133850729,2.5814606698916185,0.5523286650135855,0.5335908415068414
22,up_proj,5.3400532167740655,5.322265026752019,0.5306374391335187,0.5203898418693779
22,v_proj,1.3772649065717957,1.343557940034981,0.7768285048111143,0.7814022730178289
23,down_proj,4.630184320098497,4.636487463862298,0.7605048573368774,0.7898581456468601
23,gate_proj,6.620192638163938,6.614526821976119,0.7153133200270185,0.7204698284935036
23,k_proj,1.348982966354368,1.280922365078307,0.5527498856586456,0.5453004877271956
23,o_proj,2.81866689876567,2.7472745550493616,0.5802573631621613,0.5769494037213885
23,q_proj,2.562272126177236,2.4621011835536804,0.6087348282695297,0.608589739730133
23,up_proj,5.464822755602357,5.389270754874357,0.5902938940546745,0.5819700972701668
23,v_proj,1.3040288492499326,1.2925293147354713,0.6607090303057522,0.6589224389515502
24,down_proj,4.624787343937767,4.551772841318421,0.7319469066875659,0.7505602034607826
24,gate_proj,6.735696451367113,6.687512505847584,0.7445729173129193,0.7599598506620324
24,k_proj,1.4434733390004857,1.349673078408304,0.6322252170599546,0.6109773252766367
24,o_proj,3.183781248102265,3.105891273010976,0.6906058365624237,0.6901430434956818
24,q_proj,2.646323886695471,2.5440997337998565,0.5403027110424652,0.542440125625575
24,up_proj,5.6047376274744956,5.574464123425582,0.5581387280636896,0.5651048813980448
24,v_proj,1.5332715624320803,1.5054033944565086,0.8468749718807611,0.8605274917483583
25,down_proj,4.631154301681356,4.574632362549044,0.6757498813640761,0.6907750692461696
25,gate_proj,6.845345879680961,6.848915332416988,0.769321664153811,0.7827402590307863
25,k_proj,1.4515278401821843,1.3783560840182105,0.6616969700369763,0.6699353405586579
25,o_proj,2.8046224582888337,2.720330065089731,0.5304883590882703,0.5231112189990006
25,q_proj,2.4181496206045376,2.3481870892649885,0.4982991264879376,0.4793995347708736
25,up_proj,5.763031094870012,5.772503356778098,0.6273666522587307,0.6183487534970541
25,v_proj,1.445325107106553,1.4481657623735886,0.7540145311743287,0.7639125491299553
26,down_proj,4.6584081913465925,4.467243219751394,0.6850654751798003,0.6671261626128316
26,gate_proj,7.148287335890575,7.243106698442575,0.8100281319999498,0.8407097054295414
26,k_proj,1.4302961571495036,1.303891763518922,0.5946661122034907,0.5569270955913248
26,o_proj,2.9210635831188396,2.8262155511741334,0.5686735654781615,0.5668996832512166
26,q_proj,2.6841475287070877,2.61666195535976,0.547865800378729,0.5232120713572861
26,up_proj,5.816459272130986,5.719263959354143,0.6398227026333037,0.6466739593005202
26,v_proj,1.4633551484544562,1.4115843935806547,0.7550654395213581,0.7625338120078387
27,down_proj,4.562096922915003,4.484455229145352,0.7561525218060874,0.7780541411687427
27,gate_proj,6.743952100395195,6.477653654099532,0.700130992333212,0.7128907423142083
27,k_proj,1.464280397642097,1.4160711820731469,0.6788458118699452,0.6881181674588556
27,o_proj,3.0241117710769765,2.9666181923174815,0.6097118227112284,0.6100180265129571
27,q_proj,2.7256150215233563,2.623365282808077,0.6122536421350974,0.5912895358814121
27,up_proj,5.850830854263379,5.800173290728356,0.6224926490299901,0.6220745483271313
27,v_proj,1.522154664268816,1.5039889564086537,0.7457470437469236,0.7455170685715662
28,down_proj,4.4149879338669775,4.3565751280111265,0.7305367927497002,0.7479781807938249
28,gate_proj,6.978777533695845,6.973690428882714,0.7587375555208091,0.7861917704634007
28,k_proj,1.3786724855813213,1.324410007729223,0.5918111928487712,0.5799343948018352
28,o_proj,2.848326711001268,2.751733136782875,0.5696424320839811,0.5655401913746125
28,q_proj,2.547452926257179,2.4858701328250774,0.49012449337026903,0.47118222687014755
28,up_proj,5.906366818740859,5.934304491995448,0.6166649892540635,0.6300045021200231
28,v_proj,1.3444484791344187,1.3534970633671302,0.67284453230435,0.6693560775581104
29,down_proj,4.162101629763263,3.9736495594064616,0.7292102070895408,0.7261632585765369
29,gate_proj,7.037163521234963,7.071591467035109,0.7332631861134246,0.7442239352650196
29,k_proj,1.6497905866462195,1.6311280739348586,0.7448785379609079,0.7930423770832364
29,o_proj,2.874622955259479,2.8250299109676296,0.6290942522051495,0.6376223593795758
29,q_proj,2.374293474661477,2.370126080189044,0.48266285364812145,0.4684696324203783
29,up_proj,5.929416625205943,5.8786871829625635,0.6992630611899688,0.7172560611979316
29,v_proj,1.5395842569213274,1.544734216504054,0.7451557598398441,0.7522555073940627
30,down_proj,4.061529028534148,3.8915839464510884,0.6943443718869894,0.6941641742815495
30,gate_proj,6.820728780030366,6.719346985765908,0.7763416174363408,0.8007741338508789
30,k_proj,1.4297177353060193,1.3215953712427422,0.6148183618410616,0.5945711489823021
30,o_proj,2.795082764863149,2.759665329273063,0.6149010288987556,0.6225657596252371
30,q_proj,2.7337717763757645,2.6490478457097613,0.5864582100958399,0.5776598240485475
30,up_proj,5.43164516284449,5.3566913890996855,0.621226040467708,0.6243344479980153
30,v_proj,1.5734729924117419,1.555373376170047,0.7401720378889393,0.7539660778237856
31,down_proj,4.1073695173543525,3.997146137421759,0.9225370035446484,0.9414243475267061
31,gate_proj,6.132106162380817,5.952634918727732,0.6774091844656862,0.6788236754295384
31,k_proj,1.1220422217436115,1.100079476136786,0.6316424505274915,0.622701943567932
31,o_proj,2.152515290070882,2.0747931029490414,0.592751941941164,0.5933378046217401
31,q_proj,2.2099030948484586,2.115014571346632,0.48694101246831695,0.48019236554952516
31,up_proj,4.299230683648274,4.339596961426693,0.42835427214984434,0.42484175427208265
31,v_proj,1.1553868999406203,1.129959695484696,0.6021636377434535,0.6038012077971355
