ptype,profile,neighbor_rank,neighbor_ptype,neighbor_profile,distance,cosine
0,Openness low; Conscientiousness low; Extraversion low; Agreeableness low; Neuroticism low,1,7,Openness low; Conscientiousness low; Extraversion high; Agreeableness high; Neuroticism high,85.11374655673927,0.012248677060295326
0,Openness low; Conscientiousness low; Extraversion low; Agreeableness low; Neuroticism low,2,23,Openness high; Conscientiousness low; Extraversion high; Agreeableness high; Neuroticism high,85.11989004638927,0.011588893903137807
0,Openness low; Conscientiousness low; Extraversion low; Agreeableness low; Neuroticism low,3,22,Openness high; Conscientiousness low; Extraversion high; Agreeableness high; Neuroticism low,87.11435601160908,0.015084662771685527
0,Openness low; Conscientiousness low; Extraversion low; Agreeableness low; Neuroticism low,4,18,Openness high; Conscientiousness low; Extraversion low; Agreeableness high; Neuroticism low,87.39660084932554,0.01761404662429202
0,Openness low; Conscientiousness low; Extraversion low; Agreeableness low; Neuroticism low,5,15,Openness low; Conscientiousness high; Extraversion high; Agreeableness high; Neuroticism high,88.67333019882436,0.01739316243247509
1,Openness low; Conscientiousness low; Extraversion low; Agreeableness low; Neuroticism high,1,7,Openness low; Conscientiousness low; Extraversion high; Agreeableness high; Neuroticism high,86.61252183574095,0.011130139965017442
1,Openness low; Conscientiousness low; Extraversion low; Agreeableness low; Neuroticism high,2,23,Openness high; Conscientiousness low; Extraversion high; Agreeableness high; Neuroticism high,86.61708144399859,0.01092486996830226
1,Openness low; Conscientiousness low; Extraversion low; Agreeableness low; Neuroticism high,3,22,Openness high; Conscientiousness low; Extraversion high; Agreeableness high; Neuroticism low,88.59564361107263,0.01383080157553497
1,Openness low; Conscientiousness low; Extraversion low; Agreeableness low; Neuroticism high,4,18,Openness high; Conscientiousness low; Extraversion low; Agreeableness high; Neuroticism low,88.86942341657402,0.016565153392463294
1,Openness low; Conscientiousness low; Extraversion low; Agreeableness low; Neuroticism high,5,15,Openness low; Conscientiousness high; Extraversion high; Agreeableness high; Neuroticism high,90.10080270306075,0.017449867600470296
2,Openness low; Conscientiousness low; Extraversion low; Agreeableness high; Neuroticism low,1,7,Openness low; Conscientiousness low; Extraversion high; Agreeableness high; Neuroticism high,46.42452685512299,0.022599891312893187
2,Openness low; Conscientiousness low; Extraversion low; Agreeableness high; Neuroticism low,2,23,Openness high; Conscientiousness low; Extraversion high; Agreeableness high; Neuroticism high,46.43275970201547,0.02222761086221255
2,Openness low; Conscientiousness low; Extraversion low; Agreeableness high; Neuroticism low,3,22,Openness high; Conscientiousness low; Extraversion high; Agreeableness high; Neuroticism low,50.096473216704695,0.022389343224417983
2,Openness low; Conscientiousness low; Extraversion low; Agreeableness high; Neuroticism low,4,18,Openness high; Conscientiousness low; Extraversion low; Agreeableness high; Neuroticism low,50.62731506843222,0.02528814291136755
2,Openness low; Conscientiousness low; Extraversion low; Agreeableness high; Neuroticism low,5,15,Openness low; Conscientiousness high; Extraversion high; Agreeableness high; Neuroticism high,52.80662459798164,0.025949453394333223
3,Openness low; Conscientiousness low; Extraversion low; Agreeableness high; Neuroticism high,1,23,Openness high; Conscientiousness low; Extraversion high; Agreeableness high; Neuroticism high,37.26785442914647,0.021918699995614785
3,Openness low; Conscientiousness low; Extraversion low; Agreeableness high; Neuroticism high,2,7,Openness low; Conscientiousness low; Extraversion high; Agreeableness high; Neuroticism high,37.26927086098208,0.018795677314177067
3,Openness low; Conscientiousness low; Extraversion low; Agreeableness high; Neuroticism high,3,22,Openness high; Conscientiousness low; Extraversion high; Agreeableness high; Neuroticism low,41.78789233946804,0.02441391414370705
3,Openness low; Conscientiousness low; Extraversion low; Agreeableness high; Neuroticism high,4,18,Openness high; Conscientiousness low; Extraversion low; Agreeableness high; Neuroticism low,42.40423573223485,0.029261316896795057
3,Openness low; Conscientiousness low; Extraversion low; Agreeableness high; Neuroticism high,5,15,Openness low; Conscientiousness high; Extraversion high; Agreeableness high; Neuroticism high,45.023244361407954,0.02870839917516622
4,Openness low; Conscientiousness low; Extraversion high; Agreeableness low; Neuroticism low,1,7,Openness low; Conscientiousness low; Extraversion high; Agreeableness high; Neuroticism high,63.52016409927651,0.018503593230734406
4,Openness low; Conscientiousness low; Extraversion high; Agreeableness low; Neuroticism low,2,23,Openness high; Conscientiousness low; Extraversion high; Agreeableness high; Neuroticism high,63.53176544876349,0.01660793067345841
4,Openness low; Conscientiousness low; Extraversion high; Agreeableness low; Neuroticism low,3,22,Openness high; Conscientiousness low; Extraversion high; Agreeableness high; Neuroticism low,66.21648968919432,0.018512056290740903
4,Openness low; Conscientiousness low; Extraversion high; Agreeableness low; Neuroticism low,4,18,Openness high; Conscientiousness low; Extraversion low; Agreeableness high; Neuroticism low,66.58877977359859,0.02195214556326166
4,Openness low; Conscientiousness low; Extraversion high; Agreeableness low; Neuroticism low,5,15,Openness low; Conscientiousness high; Extraversion high; Agreeableness high; Neuroticism high,68.24982836523989,0.022210205770941426
5,Openness low; Conscientiousness low; Extraversion high; Agreeableness low; Neuroticism high,1,23,Openness high; Conscientiousness low; Extraversion high; Agreeableness high; Neuroticism high,30.47573801050978,0.033187535329888766
5,Openness low; Conscientiousness low; Extraversion high; Agreeableness low; Neuroticism high,2,7,Openness low; Conscientiousness low; Extraversion high; Agreeableness high; Neuroticism high,30.492100546402895,0.025373029134938857
5,Openness low; Conscientiousness low; Extraversion high; Agreeableness low; Neuroticism high,3,22,Openness high; Conscientiousness low; Extraversion high; Agreeableness high; Neuroticism low,35.83659911484113,0.03253147339768247
5,Openness low; Conscientiousness low; Extraversion high; Agreeableness low; Neuroticism high,4,18,Openness high; Conscientiousness low; Extraversion low; Agreeableness high; Neuroticism low,36.70362489265703,0.02986248852655279
5,Openness low; Conscientiousness low; Extraversion high; Agreeableness low; Neuroticism high,5,15,Openness low; Conscientiousness high; Extraversion high; Agreeableness high; Neuroticism high,39.70331743199605,0.030161332357285194
6,Openness low; Conscientiousness low; Extraversion high; Agreeableness high; Neuroticism low,1,7,Openness low; Conscientiousness low; Extraversion high; Agreeableness high; Neuroticism high,58.0363019451836,0.01887839567491459
6,Openness low; Conscientiousness low; Extraversion high; Agreeableness high; Neuroticism low,2,23,Openness high; Conscientiousness low; Extraversion high; Agreeableness high; Neuroticism high,58.04471102251489,0.018044886205110744
6,Openness low; Conscientiousness low; Extraversion high; Agreeableness high; Neuroticism low,3,22,Openness high; Conscientiousness low; Extraversion high; Agreeableness high; Neuroticism low,60.94685503447336,0.02153569926867564
6,Openness low; Conscientiousness low; Extraversion high; Agreeableness high; Neuroticism low,4,18,Openness high; Conscientiousness low; Extraversion low; Agreeableness high; Neuroticism low,61.40332427685004,0.022646237916463287
6,Openness low; Conscientiousness low; Extraversion high; Agreeableness high; Neuroticism low,5,15,Openness low; Conscientiousness high; Extraversion high; Agreeableness high; Neuroticism high,63.20541085191446,0.02299906872773614
7,Openness low; Conscientiousness low; Extraversion high; Agreeableness high; Neuroticism high,1,23,Openness high; Conscientiousness low; Extraversion high; Agreeableness high; Neuroticism high,4.747622575977821,0.09850052451866464
7,Openness low; Conscientiousness low; Extraversion high; Agreeableness high; Neuroticism high,2,22,Openness high; Conscientiousness low; Extraversion high; Agreeableness high; Neuroticism low,20.215790484787426,0.029706673849188108
7,Openness low; Conscientiousness low; Extraversion high; Agreeableness high; Neuroticism high,3,18,Openness high; Conscientiousness low; Extraversion low; Agreeableness high; Neuroticism low,21.67786299752792,0.03513584071924161
7,Openness low; Conscientiousness low; Extraversion high; Agreeableness high; Neuroticism high,4,15,Openness low; Conscientiousness high; Extraversion high; Agreeableness high; Neuroticism high,26.597829169085408,0.03498598767209414
7,Openness low; Conscientiousness low; Extraversion high; Agreeableness high; Neuroticism high,5,5,Openness low; Conscientiousness low; Extraversion high; Agreeableness low; Neuroticism high,30.492100546402895,0.025373029134938857
8,Openness low; Conscientiousness high; Extraversion low; Agreeableness low; Neuroticism low,1,7,Openness low; Conscientiousness low; Extraversion high; Agreeableness high; Neuroticism high,97.82502169044605,0.010198510442782936
8,Openness low; Conscientiousness high; Extraversion low; Agreeableness low; Neuroticism low,2,23,Openness high; Conscientiousness low; Extraversion high; Agreeableness high; Neuroticism high,97.82913384534521,0.009983567251875883
8,Openness low; Conscientiousness high; Extraversion low; Agreeableness low; Neuroticism low,3,22,Openness high; Conscientiousness low; Extraversion high; Agreeableness high; Neuroticism low,99.58282058372164,0.012420669325326662
8,Openness low; Conscientiousness high; Extraversion low; Agreeableness low; Neuroticism low,4,18,Openness high; Conscientiousness low; Extraversion low; Agreeableness high; Neuroticism low,99.81947794164333,0.015160823812355981
8,Openness low; Conscientiousness high; Extraversion low; Agreeableness low; Neuroticism low,5,15,Openness low; Conscientiousness high; Extraversion high; Agreeableness high; Neuroticism high,100.92817081918781,0.015428945104173301
9,Openness low; Conscientiousness high; Extraversion low; Agreeableness low; Neuroticism high,1,7,Openness low; Conscientiousness low; Extraversion high; Agreeableness high; Neuroticism high,131.63875140927877,0.0006037683590684429
9,Openness low; Conscientiousness high; Extraversion low; Agreeableness low; Neuroticism high,2,23,Openness high; Conscientiousness low; Extraversion high; Agreeableness high; Neuroticism high,131.6422072429887,0.0005823169438340689
9,Openness low; Conscientiousness high; Extraversion low; Agreeableness low; Neuroticism high,3,22,Openness high; Conscientiousness low; Extraversion high; Agreeableness high; Neuroticism low,133.0653898755157,0.002207267539278022
9,Openness low; Conscientiousness high; Extraversion low; Agreeableness low; Neuroticism high,4,18,Openness high; Conscientiousness low; Extraversion low; Agreeableness high; Neuroticism low,133.2836052595437,0.0028037488567512745
9,Openness low; Conscientiousness high; Extraversion low; Agreeableness low; Neuroticism high,5,15,Openness low; Conscientiousness high; Extraversion high; Agreeableness high; Neuroticism high,134.14995090581778,0.0032829475574276453
10,Openness low; Conscientiousness high; Extraversion low; Agreeableness high; Neuroticism low,1,7,Openness low; Conscientiousness low; Extraversion high; Agreeableness high; Neuroticism high,121.90364829798128,0.0006068239723499087
10,Openness low; Conscientiousness high; Extraversion low; Agreeableness high; Neuroticism low,2,23,Openness high; Conscientiousness low; Extraversion high; Agreeableness high; Neuroticism high,121.90689813166907,0.000719234700383174
10,Openness low; Conscientiousness high; Extraversion low; Agreeableness high; Neuroticism low,3,22,Openness high; Conscientiousness low; Extraversion high; Agreeableness high; Neuroticism low,123.43851328760275,0.0025951519654926255
10,Openness low; Conscientiousness high; Extraversion low; Agreeableness high; Neuroticism low,4,18,Openness high; Conscientiousness low; Extraversion low; Agreeableness high; Neuroticism low,123.68334162767486,0.002770580256368557
10,Openness low; Conscientiousness high; Extraversion low; Agreeableness high; Neuroticism low,5,15,Openness low; Conscientiousness high; Extraversion high; Agreeableness high; Neuroticism high,124.6147221784975,0.0034029376435094558
11,Openness low; Conscientiousness high; Extraversion low; Agreeableness high; Neuroticism high,1,7,Openness low; Conscientiousness low; Extraversion high; Agreeableness high; Neuroticism high,73.38881826880224,0.015705351598033965
11,Openness low; Conscientiousness high; Extraversion low; Agreeableness high; Neuroticism high,2,23,Openness high; Conscientiousness low; Extraversion high; Agreeableness high; Neuroticism high,73.3976730042407,0.01440569259555584
11,Openness low; Conscientiousness high; Extraversion low; Agreeableness high; Neuroticism high,3,22,Openness high; Conscientiousness low; Extraversion high; Agreeableness high; Neuroticism low,75.71562621898971,0.01694632269938932
11,Openness low; Conscientiousness high; Extraversion low; Agreeableness high; Neuroticism high,4,18,Openness high; Conscientiousness low; Extraversion low; Agreeableness high; Neuroticism low,76.02248879709957,0.020770834647618565
11,Openness low; Conscientiousness high; Extraversion low; Agreeableness high; Neuroticism high,5,15,Openness low; Conscientiousness high; Extraversion high; Agreeableness high; Neuroticism high,77.47806624631234,0.02080083046462698
12,Openness low; Conscientiousness high; Extraversion high; Agreeableness low; Neuroticism low,1,7,Openness low; Conscientiousness low; Extraversion high; Agreeableness high; Neuroticism high,68.55844079566086,0.015999225670564138
12,Openness low; Conscientiousness high; Extraversion high; Agreeableness low; Neuroticism low,2,23,Openness high; Conscientiousness low; Extraversion high; Agreeableness high; Neuroticism high,68.56352269341055,0.015859188566010027
12,Openness low; Conscientiousness high; Extraversion high; Agreeableness low; Neuroticism low,3,22,Openness high; Conscientiousness low; Extraversion high; Agreeableness high; Neuroticism low,71.05632211224209,0.01734346186739481
12,Openness low; Conscientiousness high; Extraversion high; Agreeableness low; Neuroticism low,4,18,Openness high; Conscientiousness low; Extraversion low; Agreeableness high; Neuroticism low,71.41439928176173,0.019983845596318023
12,Openness low; Conscientiousness high; Extraversion high; Agreeableness low; Neuroticism low,5,15,Openness low; Conscientiousness high; Extraversion high; Agreeableness high; Neuroticism high,72.97774763590853,0.01980430974906374
13,Openness low; Conscientiousness high; Extraversion high; Agreeableness low; Neuroticism high,1,7,Openness low; Conscientiousness low; Extraversion high; Agreeableness high; Neuroticism high,49.76575768702582,0.01678890757339383
13,Openness low; Conscientiousness high; Extraversion high; Agreeableness low; Neuroticism high,2,23,Openness high; Conscientiousness low; Extraversion high; Agreeableness high; Neuroticism high,49.76704638423234,0.018373355835146498
13,Openness low; Conscientiousness high; Extraversion high; Agreeableness low; Neuroticism high,3,22,Openness high; Conscientiousness low; Extraversion high; Agreeableness high; Neuroticism low,53.21839724710476,0.019567952429588583
13,Openness low; Conscientiousness high; Extraversion high; Agreeableness low; Neuroticism high,4,18,Openness high; Conscientiousness low; Extraversion low; Agreeableness high; Neuroticism low,53.624321978372166,0.027085204648026877
13,Openness low; Conscientiousness high; Extraversion high; Agreeableness low; Neuroticism high,5,15,Openness low; Conscientiousness high; Extraversion high; Agreeableness high; Neuroticism high,55.74806941115653,0.024440303083235828
14,Openness low; Conscientiousness high; Extraversion high; Agreeableness high; Neuroticism low,1,7,Openness low; Conscientiousness low; Extraversion high; Agreeableness high; Neuroticism high,54.662055302348634,0.019450193206908155
14,Openness low; Conscientiousness high; Extraversion high; Agreeableness high; Neuroticism low,2,23,Openness high; Conscientiousness low; Extraversion high; Agreeableness high; Neuroticism high,54.66967366681108,0.018950650324006772
14,Openness low; Conscientiousness high; Extraversion high; Agreeableness high; Neuroticism low,3,22,Openness high; Conscientiousness low; Extraversion high; Agreeableness high; Neuroticism low,57.79838725257143,0.019834993442999382
14,Openness low; Conscientiousness high; Extraversion high; Agreeableness high; Neuroticism low,4,18,Openness high; Conscientiousness low; Extraversion low; Agreeableness high; Neuroticism low,58.22662114707818,0.02384752383287926
14,Openness low; Conscientiousness high; Extraversion high; Agreeableness high; Neuroticism low,5,15,Openness low; Conscientiousness high; Extraversion high; Agreeableness high; Neuroticism high,60.11593093582654,0.02459481039983979
15,Openness low; Conscientiousness high; Extraversion high; Agreeableness high; Neuroticism high,1,7,Openness low; Conscientiousness low; Extraversion high; Agreeableness high; Neuroticism high,26.597829169085408,0.03498598767209414
15,Openness low; Conscientiousness high; Extraversion high; Agreeableness high; Neuroticism high,2,23,Openness high; Conscientiousness low; Extraversion high; Agreeableness high; Neuroticism high,26.60482723680729,0.0365542315061266
15,Openness low; Conscientiousness high; Extraversion high; Agreeableness high; Neuroticism high,3,22,Openness high; Conscientiousness low; Extraversion high; Agreeableness high; Neuroticism low,32.7145426315801,0.030500896360327042
15,Openness low; Conscientiousness high; Extraversion high; Agreeableness high; Neuroticism high,4,18,Openness high; Conscientiousness low; Extraversion low; Agreeableness high; Neuroticism low,33.56051504087015,0.03390258509475316
15,Openness low; Conscientiousness high; Extraversion high; Agreeableness high; Neuroticism high,5,5,Openness low; Conscientiousness low; Extraversion high; Agreeableness low; Neuroticism high,39.70331743199605,0.030161332357285194
16,Openness high; Conscientiousness low; Extraversion low; Agreeableness low; Neuroticism low,1,7,Openness low; Conscientiousness low; Extraversion high; Agreeableness high; Neuroticism high,46.402648308756305,0.018428005947459494
16,Openness high; Conscientiousness low; Extraversion low; Agreeableness low; Neuroticism low,2,23,Openness high; Conscientiousness low; Extraversion high; Agreeableness high; Neuroticism high,46.41051113291123,0.018309298131324297
16,Openness high; Conscientiousness low; Extraversion low; Agreeableness low; Neuroticism low,3,22,Openness high; Conscientiousness low; Extraversion high; Agreeableness high; Neuroticism low,50.108120097385516,0.019956824587913397
16,Openness high; Conscientiousness low; Extraversion low; Agreeableness low; Neuroticism low,4,18,Openness high; Conscientiousness low; Extraversion low; Agreeableness high; Neuroticism low,50.61368017842587,0.02430618281060993
16,Openness high; Conscientiousness low; Extraversion low; Agreeableness low; Neuroticism low,5,15,Openness low; Conscientiousness high; Extraversion high; Agreeableness high; Neuroticism high,52.809000986169835,0.0244915355985573
17,Openness high; Conscientiousness low; Extraversion low; Agreeableness low; Neuroticism high,1,7,Openness low; Conscientiousness low; Extraversion high; Agreeableness high; Neuroticism high,80.05648826816007,0.013842916316463737
17,Openness high; Conscientiousness low; Extraversion low; Agreeableness low; Neuroticism high,2,23,Openness high; Conscientiousness low; Extraversion high; Agreeableness high; Neuroticism high,80.06211486060083,0.01336363842605192
17,Openness high; Conscientiousness low; Extraversion low; Agreeableness low; Neuroticism high,3,22,Openness high; Conscientiousness low; Extraversion high; Agreeableness high; Neuroticism low,82.21654690040295,0.014320471080977004
17,Openness high; Conscientiousness low; Extraversion low; Agreeableness low; Neuroticism high,4,18,Openness high; Conscientiousness low; Extraversion low; Agreeableness high; Neuroticism low,82.50790150837976,0.017495730473751518
17,Openness high; Conscientiousness low; Extraversion low; Agreeableness low; Neuroticism high,5,15,Openness low; Conscientiousness high; Extraversion high; Agreeableness high; Neuroticism high,83.82044498497297,0.01902024055622829
18,Openness high; Conscientiousness low; Extraversion low; Agreeableness high; Neuroticism low,1,7,Openness low; Conscientiousness low; Extraversion high; Agreeableness high; Neuroticism high,21.67786299752792,0.03513584071924161
18,Openness high; Conscientiousness low; Extraversion low; Agreeableness high; Neuroticism low,2,23,Openness high; Conscientiousness low; Extraversion high; Agreeableness high; Neuroticism high,21.700844371384814,0.03331837675699304
18,Openness high; Conscientiousness low; Extraversion low; Agreeableness high; Neuroticism low,3,22,Openness high; Conscientiousness low; Extraversion high; Agreeableness high; Neuroticism low,28.956675338873342,0.029484015608003317
18,Openness high; Conscientiousness low; Extraversion low; Agreeableness high; Neuroticism low,4,15,Openness low; Conscientiousness high; Extraversion high; Agreeableness high; Neuroticism high,33.56051504087015,0.03390258509475316
18,Openness high; Conscientiousness low; Extraversion low; Agreeableness high; Neuroticism low,5,5,Openness low; Conscientiousness low; Extraversion high; Agreeableness low; Neuroticism high,36.70362489265703,0.02986248852655279
19,Openness high; Conscientiousness low; Extraversion low; Agreeableness high; Neuroticism high,1,23,Openness high; Conscientiousness low; Extraversion high; Agreeableness high; Neuroticism high,32.5719002757423,0.028276732791941334
19,Openness high; Conscientiousness low; Extraversion low; Agreeableness high; Neuroticism high,2,7,Openness low; Conscientiousness low; Extraversion high; Agreeableness high; Neuroticism high,32.58445414921914,0.021659727496957087
19,Openness high; Conscientiousness low; Extraversion low; Agreeableness high; Neuroticism high,3,22,Openness high; Conscientiousness low; Extraversion high; Agreeableness high; Neuroticism low,37.71353412342886,0.025406445823996617
19,Openness high; Conscientiousness low; Extraversion low; Agreeableness high; Neuroticism high,4,18,Openness high; Conscientiousness low; Extraversion low; Agreeableness high; Neuroticism low,38.411340800218,0.03025292562961399
19,Openness high; Conscientiousness low; Extraversion low; Agreeableness high; Neuroticism high,5,15,Openness low; Conscientiousness high; Extraversion high; Agreeableness high; Neuroticism high,41.30923307888183,0.029037938012622513
20,Openness high; Conscientiousness low; Extraversion high; Agreeableness low; Neuroticism low,1,7,Openness low; Conscientiousness low; Extraversion high; Agreeableness high; Neuroticism high,47.94003783821184,0.01767571546148459
20,Openness high; Conscientiousness low; Extraversion high; Agreeableness low; Neuroticism low,2,23,Openness high; Conscientiousness low; Extraversion high; Agreeableness high; Neuroticism high,47.94710747134526,0.017717093703821078
20,Openness high; Conscientiousness low; Extraversion high; Agreeableness low; Neuroticism low,3,22,Openness high; Conscientiousness low; Extraversion high; Agreeableness high; Neuroticism low,51.468515603497245,0.02286485297140495
20,Openness high; Conscientiousness low; Extraversion high; Agreeableness low; Neuroticism low,4,18,Openness high; Conscientiousness low; Extraversion low; Agreeableness high; Neuroticism low,51.992972360944925,0.025205797361116535
20,Openness high; Conscientiousness low; Extraversion high; Agreeableness low; Neuroticism low,5,15,Openness low; Conscientiousness high; Extraversion high; Agreeableness high; Neuroticism high,54.197169767880375,0.02230307774818071
21,Openness high; Conscientiousness low; Extraversion high; Agreeableness low; Neuroticism high,1,23,Openness high; Conscientiousness low; Extraversion high; Agreeableness high; Neuroticism high,32.98698805472777,0.027702391513978165
21,Openness high; Conscientiousness low; Extraversion high; Agreeableness low; Neuroticism high,2,7,Openness low; Conscientiousness low; Extraversion high; Agreeableness high; Neuroticism high,32.99038577221715,0.02376187697858839
21,Openness high; Conscientiousness low; Extraversion high; Agreeableness low; Neuroticism high,3,22,Openness high; Conscientiousness low; Extraversion high; Agreeableness high; Neuroticism low,38.0275739362376,0.027648831394178352
21,Openness high; Conscientiousness low; Extraversion high; Agreeableness low; Neuroticism high,4,18,Openness high; Conscientiousness low; Extraversion low; Agreeableness high; Neuroticism low,38.777045992348256,0.029117039382259895
21,Openness high; Conscientiousness low; Extraversion high; Agreeableness low; Neuroticism high,5,15,Openness low; Conscientiousness high; Extraversion high; Agreeableness high; Neuroticism high,41.6457881689251,0.028236302692505422
22,Openness high; Conscientiousness low; Extraversion high; Agreeableness high; Neuroticism low,1,23,Openness high; Conscientiousness low; Extraversion high; Agreeableness high; Neuroticism high,20.2016145769,0.03893461427546292
22,Openness high; Conscientiousness low; Extraversion high; Agreeableness high; Neuroticism low,2,7,Openness low; Conscientiousness low; Extraversion high; Agreeableness high; Neuroticism high,20.215790484787426,0.029706673849188108
22,Openness high; Conscientiousness low; Extraversion high; Agreeableness high; Neuroticism low,3,18,Openness high; Conscientiousness low; Extraversion low; Agreeableness high; Neuroticism low,28.956675338873342,0.029484015608003317
22,Openness high; Conscientiousness low; Extraversion high; Agreeableness high; Neuroticism low,4,15,Openness low; Conscientiousness high; Extraversion high; Agreeableness high; Neuroticism high,32.7145426315801,0.030500896360327042
22,Openness high; Conscientiousness low; Extraversion high; Agreeableness high; Neuroticism low,5,5,Openness low; Conscientiousness low; Extraversion high; Agreeableness low; Neuroticism high,35.83659911484113,0.03253147339768247
23,Openness high; Conscientiousness low; Extraversion high; Agreeableness high; Neuroticism high,1,7,Openness low; Conscientiousness low; Extraversion high; Agreeableness high; Neuroticism high,4.747622575977821,0.09850052451866464
23,Openness high; Conscientiousness low; Extraversion high; Agreeableness high; Neuroticism high,2,22,Openness high; Conscientiousness low; Extraversion high; Agreeableness high; Neuroticism low,20.2016145769,0.03893461427546292
23,Openness high; Conscientiousness low; Extraversion high; Agreeableness high; Neuroticism high,3,18,Openness high; Conscientiousness low; Extraversion low; Agreeableness high; Neuroticism low,21.700844371384814,0.03331837675699304
23,Openness high; Conscientiousness low; Extraversion high; Agreeableness high; Neuroticism high,4,15,Openness low; Conscientiousness high; Extraversion high; Agreeableness high; Neuroticism high,26.60482723680729,0.0365542315061266
23,Openness high; Conscientiousness low; Extraversion high; Agreeableness high; Neuroticism high,5,5,Openness low; Conscientiousness low; Extraversion high; Agreeableness low; Neuroticism high,30.47573801050978,0.033187535329888766
24,Openness high; Conscientiousness high; Extraversion low; Agreeableness low; Neuroticism low,1,7,Openness low; Conscientiousness low; Extraversion high; Agreeableness high; Neuroticism high,77.66823460109133,0.014155389422620583
24,Openness high; Conscientiousness high; Extraversion low; Agreeableness low; Neuroticism low,2,23,Openness high; Conscientiousness low; Extraversion high; Agreeableness high; Neuroticism high,77.6719679125025,0.014239735990820575
24,Openness high; Conscientiousness high; Extraversion low; Agreeableness low; Neuroticism low,3,22,Openness high; Conscientiousness low; Extraversion high; Agreeableness high; Neuroticism low,79.88621795357697,0.015084481021969973
24,Openness high; Conscientiousness high; Extraversion low; Agreeableness low; Neuroticism low,4,18,Openness high; Conscientiousness low; Extraversion low; Agreeableness high; Neuroticism low,80.18085623830295,0.018583685996047546
24,Openness high; Conscientiousness high; Extraversion low; Agreeableness low; Neuroticism low,5,15,Openness low; Conscientiousness high; Extraversion high; Agreeableness high; Neuroticism high,81.56596499705272,0.018660602086938666
25,Openness high; Conscientiousness high; Extraversion low; Agreeableness low; Neuroticism high,1,7,Openness low; Conscientiousness low; Extraversion high; Agreeableness high; Neuroticism high,108.92070665645663,0.0006521954218609961
25,Openness high; Conscientiousness high; Extraversion low; Agreeableness low; Neuroticism high,2,23,Openness high; Conscientiousness low; Extraversion high; Agreeableness high; Neuroticism high,108.92457319516905,0.0007152314243728448
25,Openness high; Conscientiousness high; Extraversion low; Agreeableness low; Neuroticism high,3,22,Openness high; Conscientiousness low; Extraversion high; Agreeableness high; Neuroticism low,110.63552359800758,0.0029157672263973133
25,Openness high; Conscientiousness high; Extraversion low; Agreeableness low; Neuroticism high,4,18,Openness high; Conscientiousness low; Extraversion low; Agreeableness high; Neuroticism low,110.90266044980685,0.0033933648185949304
25,Openness high; Conscientiousness high; Extraversion low; Agreeableness low; Neuroticism high,5,15,Openness low; Conscientiousness high; Extraversion high; Agreeableness high; Neuroticism high,111.94349453698172,0.003927418273164477
26,Openness high; Conscientiousness high; Extraversion low; Agreeableness high; Neuroticism low,1,7,Openness low; Conscientiousness low; Extraversion high; Agreeableness high; Neuroticism high,57.80739107895691,0.015980080773140913
26,Openness high; Conscientiousness high; Extraversion low; Agreeableness high; Neuroticism low,2,23,Openness high; Conscientiousness low; Extraversion high; Agreeableness high; Neuroticism high,57.81054470467319,0.01672029962169134
26,Openness high; Conscientiousness high; Extraversion low; Agreeableness high; Neuroticism low,3,22,Openness high; Conscientiousness low; Extraversion high; Agreeableness high; Neuroticism low,60.749327095068764,0.020036727215752573
26,Openness high; Conscientiousness high; Extraversion low; Agreeableness high; Neuroticism low,4,18,Openness high; Conscientiousness low; Extraversion low; Agreeableness high; Neuroticism low,61.145190117069326,0.02431802783107211
26,Openness high; Conscientiousness high; Extraversion low; Agreeableness high; Neuroticism low,5,15,Openness low; Conscientiousness high; Extraversion high; Agreeableness high; Neuroticism high,62.983677849788236,0.02318230665865947
27,Openness high; Conscientiousness high; Extraversion low; Agreeableness high; Neuroticism high,1,23,Openness high; Conscientiousness low; Extraversion high; Agreeableness high; Neuroticism high,37.02849387772928,0.028940593157515536
27,Openness high; Conscientiousness high; Extraversion low; Agreeableness high; Neuroticism high,2,7,Openness low; Conscientiousness low; Extraversion high; Agreeableness high; Neuroticism high,37.03476101399029,0.02465724463160631
27,Openness high; Conscientiousness high; Extraversion low; Agreeableness high; Neuroticism high,3,22,Openness high; Conscientiousness low; Extraversion high; Agreeableness high; Neuroticism low,41.56894950335814,0.026111066976697364
27,Openness high; Conscientiousness high; Extraversion low; Agreeableness high; Neuroticism high,4,18,Openness high; Conscientiousness low; Extraversion low; Agreeableness high; Neuroticism low,42.226529101221594,0.028859610535960253
27,Openness high; Conscientiousness high; Extraversion low; Agreeableness high; Neuroticism high,5,15,Openness low; Conscientiousness high; Extraversion high; Agreeableness high; Neuroticism high,44.79628133245942,0.03114107234149688
28,Openness high; Conscientiousness high; Extraversion high; Agreeableness low; Neuroticism low,1,7,Openness low; Conscientiousness low; Extraversion high; Agreeableness high; Neuroticism high,60.57520965785091,0.01888575730080437
28,Openness high; Conscientiousness high; Extraversion high; Agreeableness low; Neuroticism low,2,23,Openness high; Conscientiousness low; Extraversion high; Agreeableness high; Neuroticism high,60.58706810921604,0.017001639110237665
28,Openness high; Conscientiousness high; Extraversion high; Agreeableness low; Neuroticism low,3,22,Openness high; Conscientiousness low; Extraversion high; Agreeableness high; Neuroticism low,63.40968089807832,0.018655532776649712
28,Openness high; Conscientiousness high; Extraversion high; Agreeableness low; Neuroticism low,4,18,Openness high; Conscientiousness low; Extraversion low; Agreeableness high; Neuroticism low,63.816414267964355,0.021431452378043656
28,Openness high; Conscientiousness high; Extraversion high; Agreeableness low; Neuroticism low,5,15,Openness low; Conscientiousness high; Extraversion high; Agreeableness high; Neuroticism high,65.53012028802418,0.02272102816394329
29,Openness high; Conscientiousness high; Extraversion high; Agreeableness low; Neuroticism high,1,23,Openness high; Conscientiousness low; Extraversion high; Agreeableness high; Neuroticism high,57.96630517345674,0.01854053121935888
29,Openness high; Conscientiousness high; Extraversion high; Agreeableness low; Neuroticism high,2,7,Openness low; Conscientiousness low; Extraversion high; Agreeableness high; Neuroticism high,57.96733162888672,0.016668756982164443
29,Openness high; Conscientiousness high; Extraversion high; Agreeableness low; Neuroticism high,3,22,Openness high; Conscientiousness low; Extraversion high; Agreeableness high; Neuroticism low,60.90049606173565,0.020162578326702745
29,Openness high; Conscientiousness high; Extraversion high; Agreeableness low; Neuroticism high,4,18,Openness high; Conscientiousness low; Extraversion low; Agreeableness high; Neuroticism low,61.35680322521149,0.021397339733130336
29,Openness high; Conscientiousness high; Extraversion high; Agreeableness low; Neuroticism high,5,15,Openness low; Conscientiousness high; Extraversion high; Agreeableness high; Neuroticism high,63.15726382338899,0.02211220361779736
30,Openness high; Conscientiousness high; Extraversion high; Agreeableness high; Neuroticism low,1,7,Openness low; Conscientiousness low; Extraversion high; Agreeableness high; Neuroticism high,61.076184803511694,0.017030795014149214
30,Openness high; Conscientiousness high; Extraversion high; Agreeableness high; Neuroticism low,2,23,Openness high; Conscientiousness low; Extraversion high; Agreeableness high; Neuroticism high,61.07649020736631,0.018407922172284614
30,Openness high; Conscientiousness high; Extraversion high; Agreeableness high; Neuroticism low,3,22,Openness high; Conscientiousness low; Extraversion high; Agreeableness high; Neuroticism low,63.845074076017056,0.020475462668524916
30,Openness high; Conscientiousness high; Extraversion high; Agreeableness high; Neuroticism low,4,18,Openness high; Conscientiousness low; Extraversion low; Agreeableness high; Neuroticism low,64.28428105738995,0.021367646011290566
30,Openness high; Conscientiousness high; Extraversion high; Agreeableness high; Neuroticism low,5,15,Openness low; Conscientiousness high; Extraversion high; Agreeableness high; Neuroticism high,65.97923758543293,0.022895397260918514
31,Openness high; Conscientiousness high; Extraversion high; Agreeableness high; Neuroticism high,1,23,Openness high; Conscientiousness low; Extraversion high; Agreeableness high; Neuroticism high,65.62513606576202,0.014795441540581966
31,Openness high; Conscientiousness high; Extraversion high; Agreeableness high; Neuroticism high,2,7,Openness low; Conscientiousness low; Extraversion high; Agreeableness high; Neuroticism high,65.62622767323542,0.01303033614739031
31,Openness high; Conscientiousness high; Extraversion high; Agreeableness high; Neuroticism high,3,22,Openness high; Conscientiousness low; Extraversion high; Agreeableness high; Neuroticism low,68.23433544255973,0.017338001100796613
31,Openness high; Conscientiousness high; Extraversion high; Agreeableness high; Neuroticism high,4,18,Openness high; Conscientiousness low; Extraversion low; Agreeableness high; Neuroticism low,68.56558288351353,0.022171483474468
31,Openness high; Conscientiousness high; Extraversion high; Agreeableness high; Neuroticism high,5,15,Openness low; Conscientiousness high; Extraversion high; Agreeableness high; Neuroticism high,70.24192023518874,0.01974080104946422
